date,ticker,open,high,low,close,adjusted_close,volume
2018-01-02,EL.PA,112.53218841552734,112.53218841552734,109.98798370361328,110.23262023925781,97.62789916992188,571198
2018-01-03,EL.PA,110.03691101074219,110.96652221679688,109.89012908935547,110.57510375976562,97.93121337890625,514715
2018-01-04,EL.PA,111.06437683105469,111.2111587524414,109.98798370361328,110.37940216064453,97.75788879394531,570699
2018-01-05,EL.PA,110.28154754638672,111.89613342285156,110.28154754638672,111.89613342285156,99.10118865966797,504247
2018-01-08,EL.PA,112.04291534423828,112.72789764404297,111.74935913085938,112.43433380126953,99.57784271240234,381351
2018-01-09,EL.PA,112.48326110839844,112.63004302978516,111.79828643798828,111.84721374511719,99.057861328125,586172
2018-01-10,EL.PA,111.55364990234375,111.89613342285156,109.20514678955078,109.3519287109375,96.84790802001953,761883
2018-01-11,EL.PA,109.49871063232422,109.79227447509766,108.3733901977539,108.3733901977539,95.98126983642578,613232
2018-01-12,EL.PA,108.81373596191406,110.67295837402344,108.66695404052734,109.79227447509766,97.23789978027344,527326
2018-01-15,EL.PA,110.03691101074219,110.47725677490234,109.3030014038086,109.54763793945312,97.02123260498047,429136
2018-01-16,EL.PA,109.3519287109375,109.89012908935547,108.91159057617188,109.69441986083984,97.15123748779297,533112
2018-01-17,EL.PA,109.64549255371094,109.93905639648438,109.00944519042969,109.15621948242188,96.67457580566406,403460
2018-01-18,EL.PA,109.25407409667969,109.74334716796875,107.3459243774414,107.73733520507812,95.41793823242188,668685
2018-01-19,EL.PA,107.68841552734375,109.84120178222656,107.5905532836914,109.64549255371094,97.10790252685547,612941
2018-01-22,EL.PA,109.54763793945312,110.96652221679688,109.25407409667969,110.67295837402344,98.01788330078125,521213
2018-01-23,EL.PA,110.52617645263672,111.1622314453125,110.52617645263672,110.91759490966797,98.23455810546875,441520
2018-01-24,EL.PA,110.52617645263672,110.81974029541016,109.98798370361328,110.37940216064453,97.75788879394531,593424
2018-01-25,EL.PA,110.23262023925781,112.82575225830078,110.0858383178711,111.06437683105469,98.36454010009766,707057
2018-01-26,EL.PA,111.1133041381836,112.04291534423828,111.1133041381836,111.55364990234375,98.79786682128906,437357
2018-01-29,EL.PA,111.35794067382812,111.55364990234375,110.23262023925781,110.72188568115234,98.06121063232422,550214
2018-01-30,EL.PA,111.1133041381836,112.67897033691406,110.77081298828125,111.60257720947266,98.8412094116211,656758
2018-01-31,EL.PA,111.74935913085938,112.43433380126953,111.35794067382812,111.94506072998047,99.14452362060547,676547
2018-02-01,EL.PA,112.1407699584961,112.63004302978516,109.84120178222656,109.93905639648438,97.3678970336914,509542
2018-02-02,EL.PA,109.64549255371094,109.98798370361328,108.3733901977539,108.66695404052734,96.24125671386719,603430
2018-02-05,EL.PA,107.93304443359375,108.03089904785156,105.97596740722656,105.97596740722656,93.85797882080078,778413
2018-02-06,EL.PA,103.4317626953125,105.68240356445312,103.08927154541016,104.11673736572266,92.21134948730469,1328198
2018-02-07,EL.PA,104.4103012084961,106.75879669189453,103.87210083007812,106.4652328491211,94.29129791259766,791102
2018-02-08,EL.PA,105.82918548583984,106.12274932861328,103.57853698730469,104.16566467285156,92.25467681884766,912927
2018-02-09,EL.PA,103.6274642944336,105.24205780029297,103.18712615966797,103.96995544433594,92.08134460449219,1098269
2018-02-12,EL.PA,104.60601043701172,105.58454895019531,104.06781005859375,104.75279235839844,92.77466583251953,511003
2018-02-13,EL.PA,104.85063934326172,105.29098510742188,104.06781005859375,104.16566467285156,92.25467681884766,618911
2018-02-14,EL.PA,104.70386505126953,106.4652328491211,104.16566467285156,105.5356216430664,93.46797943115234,570336
2018-02-15,EL.PA,105.63347625732422,107.10128784179688,105.33991241455078,106.41630554199219,94.24795532226562,619218
2018-02-16,EL.PA,106.75879669189453,109.0583724975586,106.61201477050781,108.61802673339844,96.19792938232422,640792
2018-02-19,EL.PA,108.71588134765625,109.15621948242188,106.85665130615234,107.05236053466797,94.81128692626953,305562
2018-02-20,EL.PA,106.66094207763672,107.3459243774414,105.78025817871094,106.80772399902344,94.5946273803711,474151
2018-02-21,EL.PA,106.4652328491211,107.83518981933594,105.4866943359375,107.54163360595703,95.2446060180664,419970
2018-02-22,EL.PA,106.95450592041016,107.63948059082031,106.17167663574219,107.44377899169922,95.15795135498047,632681
2018-02-23,EL.PA,107.44377899169922,107.54163360595703,106.41630554199219,107.49270629882812,95.20128631591797,544349
2018-02-26,EL.PA,107.63948059082031,108.61802673339844,107.49270629882812,108.56909942626953,96.15458679199219,422716
2018-02-27,EL.PA,108.52017211914062,108.91159057617188,104.65493774414062,105.24205780029297,93.20799255371094,841609
2018-02-28,EL.PA,104.89956665039062,106.80772399902344,104.75279235839844,105.5356216430664,93.46797943115234,590784
2018-03-01,EL.PA,108.47124481201172,113.16824340820312,105.4866943359375,110.67295837402344,98.01788330078125,1969684
2018-03-02,EL.PA,110.96652221679688,111.65150451660156,109.74334716796875,110.0858383178711,97.4979019165039,1038956
2018-03-05,EL.PA,110.28154754638672,111.01544952392578,109.59656524658203,110.72188568115234,98.06121063232422,671298
2018-03-06,EL.PA,110.72188568115234,110.72188568115234,108.71588134765625,108.76480865478516,96.32792663574219,669741
2018-03-07,EL.PA,108.71588134765625,109.3030014038086,108.07982635498047,109.00944519042969,96.54458618164062,459932
2018-03-08,EL.PA,108.81373596191406,110.1836929321289,108.07982635498047,109.74334716796875,97.19456481933594,542365
2018-03-09,EL.PA,109.49871063232422,111.65150451660156,109.44978332519531,110.42832946777344,97.80122375488281,637525
2018-03-12,EL.PA,110.81974029541016,110.96652221679688,109.54763793945312,109.59656524658203,97.06456756591797,439964
2018-03-13,EL.PA,110.03691101074219,110.03691101074219,108.22660827636719,108.56909942626953,96.15458679199219,746356
2018-03-14,EL.PA,108.42231750488281,109.98798370361328,108.324462890625,108.91159057617188,96.45793151855469,500558
2018-03-15,EL.PA,109.59656524658203,110.0858383178711,108.71588134765625,109.44978332519531,96.93456268310547,723848
2018-03-16,EL.PA,109.44978332519531,110.33047485351562,108.3733901977539,109.1072998046875,96.63125610351562,1288268
2018-03-19,EL.PA,109.00944519042969,109.4008560180664,107.39485168457031,107.73733520507812,95.41793823242188,494538
2018-03-20,EL.PA,108.17768096923828,108.66695404052734,107.39485168457031,108.17768096923828,95.80792236328125,468182
2018-03-21,EL.PA,108.22660827636719,108.66695404052734,107.5905532836914,107.73733520507812,95.41793823242188,431983
2018-03-22,EL.PA,107.10128784179688,107.78626251220703,105.33991241455078,106.22059631347656,94.07463836669922,695393
2018-03-23,EL.PA,104.99742126464844,105.63347625732422,104.16566467285156,105.38883972167969,93.3379898071289,788452
2018-03-26,EL.PA,105.58454895019531,105.73133087158203,103.23605346679688,103.6274642944336,91.77801513671875,677642
2018-03-27,EL.PA,104.70386505126953,104.89956665039062,103.33390808105469,104.89956665039062,92.90465545654297,720287
2018-03-28,EL.PA,104.4103012084961,105.4866943359375,103.23605346679688,105.4866943359375,93.42465209960938,704053
2018-03-29,EL.PA,105.58454895019531,107.39485168457031,104.85063934326172,107.2480697631836,94.98462677001953,635816
2018-04-03,EL.PA,106.85665130615234,107.54163360595703,106.41630554199219,107.3459243774414,95.0712890625,796573
2018-04-04,EL.PA,107.19914245605469,107.73733520507812,106.85665130615234,107.73733520507812,95.41793823242188,659474
2018-04-05,EL.PA,109.00944519042969,109.89012908935547,108.52017211914062,109.79227447509766,97.23789978027344,581678
2018-04-06,EL.PA,109.59656524658203,110.134765625,109.20514678955078,109.98798370361328,97.4112319946289,433849
2018-04-09,EL.PA,110.03691101074219,110.81974029541016,109.84120178222656,110.72188568115234,98.06121063232422,373429
2018-04-10,EL.PA,111.01544952392578,111.06437683105469,110.33047485351562,110.57510375976562,97.93121337890625,395681
2018-04-11,EL.PA,109.59656524658203,110.03691101074219,108.76480865478516,109.00944519042969,96.54458618164062,597755
2018-04-12,EL.PA,108.81373596191406,110.23262023925781,108.52017211914062,109.79227447509766,97.23789978027344,586743
2018-04-13,EL.PA,110.0858383178711,111.01544952392578,109.59656524658203,110.96652221679688,98.27787017822266,403525
2018-04-16,EL.PA,110.77081298828125,110.96652221679688,110.1836929321289,110.77081298828125,98.10455322265625,252073
2018-04-17,EL.PA,111.06437683105469,111.40686798095703,110.33047485351562,110.91759490966797,98.23455810546875,503764
2018-04-18,EL.PA,111.26008605957031,111.50472259521484,110.57510375976562,111.01544952392578,98.32119750976562,313305
2018-04-19,EL.PA,110.86866760253906,110.91759490966797,110.23262023925781,110.91759490966797,98.23455810546875,338825
2018-04-20,EL.PA,110.86866760253906,111.99398803710938,110.47725677490234,111.99398803710938,99.18785095214844,600502
2018-04-23,EL.PA,111.50472259521484,111.55364990234375,110.62403106689453,111.01544952392578,98.32119750976562,425196
2018-04-24,EL.PA,110.96652221679688,111.65150451660156,110.77081298828125,111.2111587524414,98.49453735351562,602057
2018-04-25,EL.PA,110.81974029541016,111.30901336669922,110.28154754638672,110.96652221679688,98.27787017822266,498080
2018-04-26,EL.PA,109.4008560180664,110.57510375976562,108.56909942626953,110.57510375976562,99.30035400390625,732376
2018-04-27,EL.PA,108.66695404052734,109.93905639648438,108.61802673339844,109.89012908935547,98.68523406982422,604917
2018-04-30,EL.PA,109.20514678955078,110.67295837402344,108.76480865478516,110.62403106689453,99.34429931640625,613941
2018-05-02,EL.PA,110.28154754638672,111.65150451660156,110.03691101074219,111.40686798095703,100.04730987548828,535805
2018-05-03,EL.PA,111.45579528808594,111.74935913085938,111.06437683105469,111.35794067382812,100.00337219238281,550282
2018-05-04,EL.PA,111.26008605957031,111.89613342285156,111.06437683105469,111.35794067382812,100.00337219238281,521520
2018-05-07,EL.PA,111.50472259521484,112.2386245727539,111.50472259521484,112.1407699584961,100.70638275146484,341641
2018-05-08,EL.PA,112.1407699584961,112.63004302978516,111.79828643798828,112.58111572265625,101.10182189941406,376841
2018-05-09,EL.PA,112.28755187988281,112.9725341796875,112.189697265625,112.87467956542969,101.3654556274414,303055
2018-05-10,EL.PA,112.87467956542969,112.9725341796875,112.189697265625,112.53218841552734,101.05789947509766,264543
2018-05-11,EL.PA,112.189697265625,112.63004302978516,111.89613342285156,112.28755187988281,100.83820343017578,287658
2018-05-14,EL.PA,112.28755187988281,112.9236068725586,112.09184265136719,112.48326110839844,101.01396179199219,281734
2018-05-15,EL.PA,112.48326110839844,113.51072692871094,112.189697265625,113.46179962158203,101.89271545410156,423011
2018-05-16,EL.PA,113.51072692871094,113.9510726928711,112.77682495117188,113.9510726928711,102.33209991455078,361286
2018-05-17,EL.PA,113.75536346435547,115.61459350585938,113.70643615722656,115.51673889160156,103.73812103271484,510194
2018-05-18,EL.PA,115.71244812011719,116.34849548339844,114.78282928466797,116.054931640625,104.22145080566406,969393
2018-05-21,EL.PA,116.054931640625,116.69098663330078,115.8592300415039,116.34849548339844,104.4850845336914,280816
2018-05-22,EL.PA,116.39742279052734,116.59313201904297,115.32102966308594,115.95708465576172,104.13356018066406,453323
2018-05-23,EL.PA,115.46781158447266,115.7613754272461,114.14678192138672,115.56566619873047,103.78205871582031,543554
2018-05-24,EL.PA,115.61459350585938,116.73991394042969,115.41888427734375,115.8592300415039,104.04569244384766,533406
2018-05-25,EL.PA,116.29956817626953,117.27811431884766,116.15278625488281,117.27811431884766,105.31990814208984,576519
2018-05-28,EL.PA,117.42488861083984,117.66952514648438,115.22317504882812,115.22317504882812,103.4744873046875,455783
2018-05-29,EL.PA,114.9785385131836,115.46781158447266,113.90214538574219,114.88068389892578,103.16693115234375,767987
2018-05-30,EL.PA,114.78282928466797,115.51673889160156,113.9510726928711,114.44034576416016,102.77147674560547,528463
2018-05-31,EL.PA,114.53820037841797,115.17424774169922,113.90214538574219,114.39141845703125,102.72753143310547,670327
2018-06-01,EL.PA,114.9785385131836,115.56566619873047,114.24463653564453,114.83175659179688,103.12298583984375,590141
2018-06-04,EL.PA,115.27210235595703,116.1038589477539,115.27210235595703,115.8592300415039,104.04569244384766,367938
2018-06-05,EL.PA,115.71244812011719,117.37596130371094,115.51673889160156,116.0060043334961,104.17749786376953,437734
2018-06-06,EL.PA,116.0060043334961,116.1038589477539,114.48927307128906,115.32102966308594,103.56237030029297,527881
2018-06-07,EL.PA,115.66352081298828,116.0060043334961,114.88068389892578,115.27210235595703,103.51842498779297,376321
2018-06-08,EL.PA,114.68497467041016,115.0274658203125,114.19570922851562,114.73390197753906,103.03511810302734,428175
2018-06-11,EL.PA,114.88068389892578,116.29956817626953,114.88068389892578,116.20171356201172,104.35325622558594,464403
2018-06-12,EL.PA,116.44635009765625,117.62059783935547,116.39742279052734,117.32704162597656,105.36384582519531,490987
2018-06-13,EL.PA,117.22918701171875,117.9141616821289,117.03347778320312,117.13133239746094,105.18809509277344,443926
2018-06-14,EL.PA,116.93562316894531,118.9416275024414,115.61459350585938,118.55021667480469,106.46229553222656,844027
2018-06-15,EL.PA,118.9416275024414,119.52875518798828,118.40343475341797,118.6969985961914,106.5941162109375,862424
2018-06-18,EL.PA,118.40343475341797,118.55021667480469,116.1038589477539,116.8377685546875,104.92445373535156,475893
2018-06-19,EL.PA,116.0060043334961,116.64205932617188,115.36995697021484,116.59313201904297,104.70477294921875,521926
2018-06-20,EL.PA,117.18025970458984,117.9141616821289,116.64205932617188,117.08240509033203,105.14414978027344,518032
2018-06-21,EL.PA,117.62059783935547,117.9141616821289,116.054931640625,116.34849548339844,104.4850845336914,575325
2018-06-22,EL.PA,116.54420471191406,117.71845245361328,116.29956817626953,117.71845245361328,105.71534729003906,489921
2018-06-25,EL.PA,117.42488861083984,117.8163070678711,115.7613754272461,115.95708465576172,104.13356018066406,421447
2018-06-26,EL.PA,116.59313201904297,116.69098663330078,115.90815734863281,116.39742279052734,104.52902221679688,371786
2018-06-27,EL.PA,115.90815734863281,118.50128936767578,115.90815734863281,118.15879821777344,106.11079406738281,713621
2018-06-28,EL.PA,117.8163070678711,118.6969985961914,116.98455047607422,117.96308898925781,105.9350357055664,809307
2018-06-29,EL.PA,118.6480712890625,119.03948211669922,118.10987091064453,118.30558013916016,106.24260711669922,738760
2018-07-02,EL.PA,117.8163070678711,118.01201629638672,115.71244812011719,116.20171356201172,104.35325622558594,685135
2018-07-03,EL.PA,116.73991394042969,117.52274322509766,116.34849548339844,116.7888412475586,104.88052368164062,615513
2018-07-04,EL.PA,116.64205932617188,118.15879821777344,116.49527740478516,117.37596130371094,105.40777587890625,323383
2018-07-05,EL.PA,117.27811431884766,118.06094360351562,117.03347778320312,117.42488861083984,105.45171356201172,661083
2018-07-06,EL.PA,118.20772552490234,118.55021667480469,117.47381591796875,118.50128936767578,106.4183578491211,684520
2018-07-09,EL.PA,118.50128936767578,119.52875518798828,118.30558013916016,118.74591827392578,106.63804626464844,495296
2018-07-10,EL.PA,119.03948211669922,119.82231903076172,118.74591827392578,119.82231903076172,107.60469055175781,700285
2018-07-11,EL.PA,119.18626403808594,120.31158447265625,119.03948211669922,119.47982788085938,107.29712677001953,569233
2018-07-12,EL.PA,119.675537109375,121.73046875,119.38197326660156,121.09442138671875,108.74707794189453,690483
2018-07-13,EL.PA,121.04549407958984,121.4369125366211,120.60514831542969,120.89871215820312,108.57132720947266,503530
2018-07-16,EL.PA,121.29013061523438,121.63262176513672,120.40943908691406,120.55622100830078,108.26376342773438,463458
2018-07-17,EL.PA,120.6540756225586,120.84978485107422,119.23519134521484,120.50729370117188,108.21981811523438,464857
2018-07-18,EL.PA,120.50729370117188,121.24120330810547,119.7244644165039,119.77339172363281,107.56074523925781,521767
2018-07-19,EL.PA,119.82231903076172,119.87124633789062,119.08840942382812,119.82231903076172,107.60469055175781,493775
2018-07-20,EL.PA,119.23519134521484,121.48583221435547,119.23519134521484,121.33905792236328,108.9667739868164,799479
2018-07-23,EL.PA,121.14334869384766,121.48583221435547,120.31158447265625,120.99656677246094,108.65921783447266,389119
2018-07-24,EL.PA,119.82231903076172,122.07295989990234,119.23519134521484,120.80085754394531,108.48345184326172,578971
2018-07-25,EL.PA,121.04549407958984,121.58368682861328,120.80085754394531,121.29013061523438,108.92283630371094,525992
2018-07-26,EL.PA,122.31759643554688,124.86180114746094,120.7030029296875,124.2746810913086,111.60308074951172,1084416
2018-07-27,EL.PA,124.2746810913086,124.81287384033203,122.07295989990234,123.39398956298828,110.81217956542969,765340
2018-07-30,EL.PA,123.29613494873047,123.34506225585938,122.4643783569336,123.19828033447266,110.63642120361328,439235
2018-07-31,EL.PA,123.29613494873047,123.4918441772461,122.75794219970703,123.4918441772461,110.9000473022461,632719
2018-08-01,EL.PA,123.39398956298828,124.12789916992188,123.00257873535156,123.29613494873047,110.72429656982422,495799
2018-08-02,EL.PA,122.66008758544922,123.93218994140625,122.5133056640625,123.00257873535156,110.46067810058594,568627
2018-08-03,EL.PA,122.70901489257812,123.73648071289062,122.31759643554688,123.4918441772461,110.9000473022461,389183
2018-08-06,EL.PA,123.39398956298828,123.93218994140625,122.61116027832031,123.14935302734375,110.59247589111328,366845
2018-08-07,EL.PA,123.29613494873047,123.78540802001953,122.90472412109375,123.24720764160156,110.68036651611328,362110
2018-08-08,EL.PA,122.95365142822266,123.88326263427734,122.85579681396484,123.29613494873047,110.72429656982422,370582
2018-08-09,EL.PA,122.36652374267578,123.24720764160156,121.53475952148438,122.70901489257812,110.19705200195312,465703
2018-08-10,EL.PA,121.7793960571289,122.4643783569336,120.55622100830078,120.7519302368164,108.43952178955078,711459
2018-08-13,EL.PA,120.7519302368164,121.6815414428711,120.31158447265625,121.09442138671875,108.74707794189453,387491
2018-08-14,EL.PA,121.82832336425781,122.66008758544922,121.09442138671875,121.48583221435547,109.09857940673828,369730
2018-08-15,EL.PA,121.87725067138672,122.31759643554688,119.38197326660156,119.6266098022461,107.42894744873047,552050
2018-08-16,EL.PA,120.11587524414062,120.99656677246094,119.675537109375,120.31158447265625,108.0440673828125,446549
2018-08-17,EL.PA,120.60514831542969,121.19227600097656,119.47982788085938,120.21372985839844,107.95619201660156,415264
2018-08-20,EL.PA,120.36051177978516,121.6815414428711,119.57768249511719,120.99656677246094,108.65921783447266,322648
2018-08-21,EL.PA,120.7030029296875,121.97510528564453,120.11587524414062,120.7030029296875,108.39558410644531,366383
2018-08-22,EL.PA,120.80085754394531,122.02403259277344,120.06695556640625,121.7793960571289,109.36221313476562,397925
2018-08-23,EL.PA,121.7793960571289,123.39398956298828,121.73046875,121.7793960571289,109.36221313476562,312287
2018-08-24,EL.PA,121.87725067138672,122.36652374267578,121.38798522949219,121.6815414428711,109.27433776855469,318482
2018-08-27,EL.PA,121.92617797851562,122.17081451416016,120.7519302368164,121.58368682861328,109.18645477294922,284608
2018-08-28,EL.PA,121.92617797851562,122.41545104980469,121.4369125366211,121.63262176513672,109.23040771484375,336685
2018-08-29,EL.PA,121.87725067138672,122.85579681396484,121.29013061523438,122.70901489257812,110.19705200195312,435258
2018-08-30,EL.PA,122.36652374267578,122.85579681396484,121.7793960571289,122.5622329711914,110.06523132324219,345428
2018-08-31,EL.PA,122.80686950683594,123.05149841308594,121.38798522949219,121.4369125366211,109.05465698242188,160562
2018-09-03,EL.PA,121.19227600097656,121.92617797851562,120.36051177978516,121.63262176513672,109.23040771484375,340687
2018-09-04,EL.PA,122.12188720703125,122.12188720703125,120.36051177978516,121.24120330810547,108.87890625,504447
2018-09-05,EL.PA,120.99656677246094,121.24120330810547,118.35450744628906,118.45236206054688,106.37442016601562,676015
2018-09-06,EL.PA,117.71845245361328,118.30558013916016,116.29956817626953,116.34849548339844,104.4850845336914,708145
2018-09-07,EL.PA,116.73991394042969,117.22918701171875,116.34849548339844,116.93562316894531,105.01233673095703,494289
2018-09-10,EL.PA,116.7888412475586,118.5991439819336,116.44635009765625,118.01201629638672,105.9789810180664,493676
2018-09-11,EL.PA,118.25665283203125,118.30558013916016,117.32704162597656,117.8163070678711,105.80322265625,520387
2018-09-12,EL.PA,118.35450744628906,119.38197326660156,118.01201629638672,118.99055480957031,106.85773468017578,537239
2018-09-13,EL.PA,118.8437728881836,119.43090057373047,118.20772552490234,118.30558013916016,106.24260711669922,497480
2018-09-14,EL.PA,118.40343475341797,119.03948211669922,117.57167053222656,118.15879821777344,106.11079406738281,465714
2018-09-17,EL.PA,118.06094360351562,118.99055480957031,117.76737976074219,118.74591827392578,106.63804626464844,458384
2018-09-18,EL.PA,119.28411865234375,119.7244644165039,118.5991439819336,119.675537109375,107.4728775024414,595259
2018-09-19,EL.PA,119.675537109375,119.82231903076172,118.50128936767578,119.57768249511719,107.38500213623047,491785
2018-09-20,EL.PA,119.57768249511719,120.06695556640625,118.8927001953125,119.43090057373047,107.2531967163086,490338
2018-09-21,EL.PA,119.6266098022461,120.45836639404297,119.43090057373047,120.36051177978516,108.08800506591797,1224902
2018-09-24,EL.PA,120.36051177978516,120.6540756225586,119.77339172363281,120.31158447265625,108.0440673828125,635340
2018-09-25,EL.PA,120.26265716552734,121.58368682861328,119.92017364501953,121.58368682861328,109.18645477294922,529338
2018-09-26,EL.PA,121.4369125366211,123.78540802001953,121.29013061523438,123.78540802001953,111.16368103027344,671545
2018-09-27,EL.PA,123.78540802001953,126.23175811767578,123.540771484375,126.23175811767578,113.36058807373047,719266
2018-09-28,EL.PA,126.23175811767578,126.28068542480469,124.22575378417969,124.71501922607422,111.99850463867188,1008080
2018-10-01,EL.PA,124.95965576171875,126.76995849609375,124.76394653320312,125.98712158203125,113.14089965820312,728970
2018-10-02,EL.PA,125.74249267578125,126.72103118896484,124.71501922607422,125.25321960449219,112.4818344116211,554610
2018-10-03,EL.PA,125.25321960449219,125.59571075439453,123.73648071289062,124.12789916992188,111.47125244140625,731634
2018-10-04,EL.PA,124.07897186279297,124.3236083984375,121.6815414428711,121.87725067138672,109.45008850097656,735256
2018-10-05,EL.PA,121.92617797851562,122.31759643554688,120.36051177978516,120.45836639404297,108.1758804321289,562994
2018-10-08,EL.PA,120.11587524414062,120.7030029296875,119.47982788085938,119.57768249511719,107.38500213623047,603223
2018-10-09,EL.PA,119.77339172363281,119.96910095214844,117.9141616821289,119.675537109375,107.4728775024414,702058
2018-10-10,EL.PA,120.01802825927734,120.06695556640625,115.17424774169922,115.41888427734375,103.65023803710938,1062397
2018-10-11,EL.PA,114.44034576416016,114.92961120605469,112.09184265136719,112.77682495117188,101.27758026123047,1123434
2018-10-12,EL.PA,114.0489273071289,114.19570922851562,111.94506072998047,112.58111572265625,101.10182189941406,813902
2018-10-15,EL.PA,112.53218841552734,112.77682495117188,110.86866760253906,111.99398803710938,100.5745620727539,597718
2018-10-16,EL.PA,112.04291534423828,114.14678192138672,111.45579528808594,114.14678192138672,102.50785827636719,757048
2018-10-17,EL.PA,114.0489273071289,114.68497467041016,112.67897033691406,113.16824340820312,101.62909698486328,697254
2018-10-18,EL.PA,113.70643615722656,115.0274658203125,113.2660903930664,113.41287231445312,101.84877014160156,647953
2018-10-19,EL.PA,114.19570922851562,115.66352081298828,113.07038879394531,114.68497467041016,102.99117279052734,932413
2018-10-22,EL.PA,115.51673889160156,115.66352081298828,113.75536346435547,113.75536346435547,102.1563491821289,725381
2018-10-23,EL.PA,112.04291534423828,117.62059783935547,112.04291534423828,116.93562316894531,105.01233673095703,1250954
2018-10-24,EL.PA,117.52274322509766,120.55622100830078,117.22918701171875,118.15879821777344,106.11079406738281,1479079
2018-10-25,EL.PA,118.01201629638672,119.57768249511719,116.73991394042969,118.15879821777344,106.11079406738281,1096357
2018-10-26,EL.PA,117.9141616821289,118.45236206054688,115.95708465576172,117.865234375,105.84716796875,1061895
2018-10-29,EL.PA,118.45236206054688,119.47982788085938,117.08240509033203,117.47381591796875,105.49564361572266,647277
2018-10-30,EL.PA,117.9141616821289,118.40343475341797,116.054931640625,117.08240509033203,105.14414978027344,779111
2018-10-31,EL.PA,117.76737976074219,119.13733673095703,117.57167053222656,118.15879821777344,106.11079406738281,1011642
2018-11-01,EL.PA,118.20772552490234,119.96910095214844,118.15879821777344,119.38197326660156,107.2092514038086,777502
2018-11-02,EL.PA,120.26265716552734,120.55622100830078,117.71845245361328,117.96308898925781,105.9350357055664,671861
2018-11-05,EL.PA,118.35450744628906,118.6969985961914,116.98455047607422,118.20772552490234,106.15473175048828,478385
2018-11-06,EL.PA,118.55021667480469,118.6480712890625,116.25064086914062,117.42488861083984,105.45171356201172,474428
2018-11-07,EL.PA,117.865234375,118.8437728881836,117.52274322509766,118.25665283203125,106.19866180419922,530026
2018-11-08,EL.PA,118.30558013916016,118.8437728881836,117.08240509033203,117.47381591796875,105.49564361572266,555120
2018-11-09,EL.PA,117.27811431884766,118.01201629638672,116.8866958618164,117.62059783935547,105.62747192382812,802374
2018-11-12,EL.PA,118.10987091064453,118.40343475341797,116.0060043334961,116.1038589477539,104.26538848876953,511151
2018-11-13,EL.PA,116.59313201904297,117.76737976074219,115.61459350585938,116.69098663330078,104.79264068603516,471932
2018-11-14,EL.PA,116.1038589477539,117.76737976074219,115.61459350585938,117.08240509033203,105.14414978027344,630991
2018-11-15,EL.PA,117.8163070678711,117.9141616821289,114.29356384277344,115.12532043457031,103.38661193847656,843944
2018-11-16,EL.PA,115.56566619873047,115.95708465576172,113.46179962158203,115.12532043457031,103.38661193847656,1137858
2018-11-19,EL.PA,115.27210235595703,115.56566619873047,112.53218841552734,112.53218841552734,101.05789947509766,915656
2018-11-20,EL.PA,112.1407699584961,112.1407699584961,108.61802673339844,108.91159057617188,97.80648040771484,1132607
2018-11-21,EL.PA,108.42231750488281,108.47124481201172,106.70986938476562,107.39485168457031,96.44438934326172,1105784
2018-11-22,EL.PA,107.00343322753906,107.93304443359375,106.70986938476562,106.75879669189453,95.87317657470703,573589
2018-11-23,EL.PA,106.75879669189453,107.19914245605469,106.17167663574219,107.19914245605469,96.26863861083984,586696
2018-11-26,EL.PA,107.5905532836914,108.2755355834961,106.66094207763672,107.93304443359375,96.92769622802734,726262
2018-11-27,EL.PA,107.63948059082031,108.03089904785156,104.85063934326172,106.31845092773438,95.47772979736328,1114860
2018-11-28,EL.PA,106.85665130615234,106.95450592041016,104.89956665039062,105.4866943359375,94.73078918457031,990925
2018-11-29,EL.PA,106.22059631347656,110.37940216064453,106.07382202148438,109.25407409667969,98.1140365600586,1468220
2018-11-30,EL.PA,109.49871063232422,109.84120178222656,108.42231750488281,109.74334716796875,98.55341339111328,4357570
2018-12-03,EL.PA,110.57510375976562,112.09184265136719,110.0858383178711,111.06437683105469,99.73974609375,1887447
2018-12-04,EL.PA,111.26008605957031,111.55364990234375,109.84120178222656,110.42832946777344,99.16854858398438,890779
2018-12-05,EL.PA,110.1836929321289,110.91759490966797,109.59656524658203,109.69441986083984,98.50947570800781,981957
2018-12-06,EL.PA,109.15621948242188,109.79227447509766,107.3459243774414,107.88411712646484,96.88375854492188,4863137
2018-12-07,EL.PA,108.12875366210938,108.47124481201172,107.2480697631836,107.54163360595703,96.5761947631836,1387875
2018-12-10,EL.PA,107.5905532836914,108.22660827636719,106.85665130615234,106.95450592041016,96.04894256591797,1087671
2018-12-11,EL.PA,107.3459243774414,107.83518981933594,106.75879669189453,107.2480697631836,96.31256866455078,976576
2018-12-12,EL.PA,108.03089904785156,108.66695404052734,107.5905532836914,108.66695404052734,97.58677673339844,1259251
2018-12-13,EL.PA,109.3030014038086,109.3030014038086,108.12875366210938,108.3733901977539,97.32315063476562,921791
2018-12-14,EL.PA,107.88411712646484,108.07982635498047,107.39485168457031,107.68841552734375,96.70802307128906,1090342
2018-12-17,EL.PA,107.5905532836914,107.73733520507812,106.80772399902344,107.15021514892578,96.22469329833984,780085
2018-12-18,EL.PA,106.66094207763672,107.10128784179688,106.41630554199219,106.66094207763672,95.78530883789062,962360
2018-12-19,EL.PA,107.2969970703125,107.54163360595703,106.80772399902344,107.54163360595703,96.5761947631836,1014794
2018-12-20,EL.PA,106.5630874633789,107.88411712646484,106.36737823486328,107.5905532836914,96.62013244628906,965368
2018-12-21,EL.PA,107.39485168457031,107.98197174072266,106.41630554199219,107.98197174072266,96.97163391113281,2282358
2018-12-24,EL.PA,107.54163360595703,107.54163360595703,107.15021514892578,107.2969970703125,96.35650634765625,172377
2018-12-27,EL.PA,107.63948059082031,107.73733520507812,105.73133087158203,106.4652328491211,95.60955810546875,933012
2018-12-28,EL.PA,107.00343322753906,107.83518981933594,106.5630874633789,107.39485168457031,96.44438934326172,646333
2018-12-31,EL.PA,107.98197174072266,108.47124481201172,107.83518981933594,108.07982635498047,97.05951690673828,315490
2019-01-02,EL.PA,107.44377899169922,108.76480865478516,106.61201477050781,108.324462890625,97.27920532226562,728959
2019-01-03,EL.PA,107.63948059082031,107.93304443359375,107.19914245605469,107.2969970703125,96.35650634765625,940520
2019-01-04,EL.PA,107.98197174072266,108.71588134765625,107.2969970703125,108.42231750488281,97.3670883178711,1059960
2019-01-07,EL.PA,108.76480865478516,108.76480865478516,107.93304443359375,108.22660827636719,97.19133758544922,733249
2019-01-08,EL.PA,108.42231750488281,109.49871063232422,108.324462890625,108.81373596191406,97.71858978271484,1292162
2019-01-09,EL.PA,109.54763793945312,109.89012908935547,109.3030014038086,109.3030014038086,98.15796661376953,1259837
2019-01-10,EL.PA,109.3519287109375,109.79227447509766,108.86266326904297,109.69441986083984,98.50947570800781,654615
2019-01-11,EL.PA,109.79227447509766,110.1836929321289,109.54763793945312,109.84120178222656,98.64128875732422,927181
2019-01-14,EL.PA,109.84120178222656,110.0858383178711,109.44978332519531,109.64549255371094,98.46553802490234,646630
2019-01-15,EL.PA,109.79227447509766,110.0858383178711,109.49871063232422,109.54763793945312,98.37764739990234,722428
2019-01-16,EL.PA,110.03691101074219,110.03691101074219,109.44978332519531,109.54763793945312,98.37764739990234,804846
2019-01-17,EL.PA,109.59656524658203,109.84120178222656,109.4008560180664,109.69441986083984,98.50947570800781,906937
2019-01-18,EL.PA,109.54763793945312,110.134765625,109.44978332519531,109.64549255371094,98.46553802490234,1452460
2019-01-21,EL.PA,109.1072998046875,109.93905639648438,108.76480865478516,109.89012908935547,98.68523406982422,614540
2019-01-22,EL.PA,109.59656524658203,110.42832946777344,109.49871063232422,109.69441986083984,98.50947570800781,678987
2019-01-23,EL.PA,109.3030014038086,109.89012908935547,108.96051788330078,109.3519287109375,98.20191192626953,853628
2019-01-24,EL.PA,109.4008560180664,109.98798370361328,109.15621948242188,109.44978332519531,98.28977966308594,654461
2019-01-25,EL.PA,109.49871063232422,109.74334716796875,108.76480865478516,108.76480865478516,97.6746597290039,709746
2019-01-28,EL.PA,108.2755355834961,108.42231750488281,107.63948059082031,108.12875366210938,97.10344696044922,803583
2019-01-29,EL.PA,107.49270629882812,108.42231750488281,107.2969970703125,108.03089904785156,97.01557159423828,747093
2019-01-30,EL.PA,108.12875366210938,108.61802673339844,107.78626251220703,107.93304443359375,96.92769622802734,682930
2019-01-31,EL.PA,107.98197174072266,108.42231750488281,107.54163360595703,108.2755355834961,97.23526763916016,969823
2019-02-01,EL.PA,108.324462890625,109.20514678955078,108.17768096923828,109.20514678955078,98.07009887695312,810408
2019-02-04,EL.PA,108.96051788330078,109.3030014038086,108.03089904785156,108.3733901977539,97.32315063476562,773130
2019-02-05,EL.PA,108.17768096923828,109.25407409667969,107.98197174072266,109.25407409667969,98.1140365600586,873052
2019-02-06,EL.PA,108.76480865478516,109.20514678955078,108.324462890625,108.61802673339844,97.54283905029297,574784
2019-02-07,EL.PA,108.66695404052734,108.66695404052734,106.51416015625,106.5630874633789,95.69742584228516,1059061
2019-02-08,EL.PA,106.61201477050781,106.61201477050781,103.96995544433594,104.11673736572266,93.50052642822266,949425
2019-02-11,EL.PA,104.01888275146484,106.26952362060547,103.6274642944336,106.02489471435547,95.21411895751953,701839
2019-02-12,EL.PA,106.36737823486328,107.44377899169922,105.92704010009766,105.92704010009766,95.1262435913086,588952
2019-02-13,EL.PA,105.78025817871094,107.2480697631836,105.73133087158203,107.15021514892578,96.22469329833984,744283
2019-02-14,EL.PA,106.5630874633789,106.70986938476562,103.7253189086914,103.82317352294922,93.23689270019531,946411
2019-02-15,EL.PA,103.6763916015625,103.92102813720703,102.25750732421875,103.52960968017578,92.97325134277344,931707
2019-02-18,EL.PA,103.33390808105469,104.99742126464844,103.28498077392578,104.5081558227539,93.85203552246094,551065
2019-02-19,EL.PA,104.65493774414062,104.65493774414062,103.28498077392578,103.6274642944336,93.0611343383789,435234
2019-02-20,EL.PA,103.77424621582031,105.14420318603516,103.7253189086914,104.99742126464844,94.2914047241211,627223
2019-02-21,EL.PA,104.85063934326172,106.17167663574219,104.80171966552734,104.85063934326172,94.15959167480469,643864
2019-02-22,EL.PA,104.55708312988281,105.5356216430664,104.55708312988281,105.33991241455078,94.59898376464844,448603
2019-02-25,EL.PA,105.58454895019531,106.36737823486328,105.19313049316406,106.36737823486328,95.52167510986328,416055
2019-02-26,EL.PA,105.82918548583984,106.75879669189453,105.73133087158203,106.07382202148438,95.25806427001953,458061
2019-02-27,EL.PA,104.11673736572266,105.68240356445312,103.82317352294922,104.459228515625,93.80809783935547,587005
2019-02-28,EL.PA,103.92102813720703,104.85063934326172,103.57853698730469,104.16566467285156,93.54446411132812,854665
2019-03-01,EL.PA,104.31244659423828,105.24205780029297,104.26351928710938,104.4103012084961,93.76416015625,579551
2019-03-04,EL.PA,104.26351928710938,106.22059631347656,104.26351928710938,105.78025817871094,94.99443054199219,559861
2019-03-05,EL.PA,104.89956665039062,106.70986938476562,104.89956665039062,106.70986938476562,95.8292465209961,688461
2019-03-06,EL.PA,106.75879669189453,107.10128784179688,106.17167663574219,106.41630554199219,95.56561279296875,686281
2019-03-07,EL.PA,106.5630874633789,107.10128784179688,105.87811279296875,106.31845092773438,95.47772979736328,774118
2019-03-08,EL.PA,103.7253189086914,103.7253189086914,98.24549102783203,99.61544799804688,89.45819854736328,2209825
2019-03-11,EL.PA,98.8326187133789,101.42575073242188,97.48223114013672,101.42575073242188,91.08391571044922,1303423
2019-03-12,EL.PA,101.47467803955078,102.01287841796875,100.10472106933594,101.6214599609375,91.25967407226562,1233915
2019-03-13,EL.PA,101.76824188232422,101.76824188232422,99.95793914794922,100.25150299072266,90.02940368652344,1025502
2019-03-14,EL.PA,100.6429214477539,103.82317352294922,100.6429214477539,103.57853698730469,93.01719665527344,1023057
2019-03-15,EL.PA,103.7253189086914,104.60601043701172,102.74678039550781,104.11673736572266,93.50052642822266,3440505
2019-03-18,EL.PA,104.4103012084961,104.60601043701172,102.40428924560547,102.94248962402344,92.44599914550781,589865
2019-03-19,EL.PA,103.04034423828125,104.21459197998047,102.99141693115234,103.23605346679688,92.70963287353516,602930
2019-03-20,EL.PA,103.13819885253906,103.52960968017578,102.5999984741211,102.74678039550781,92.27024841308594,556025
2019-03-21,EL.PA,98.39227294921875,99.02832794189453,95.70128631591797,96.01441955566406,86.22434997558594,2388929
2019-03-22,EL.PA,96.3079833984375,96.99295806884766,94.84017181396484,95.85785675048828,86.08375549316406,1149489
2019-03-25,EL.PA,94.95759582519531,96.249267578125,94.84017181396484,94.91845703125,85.24015045166016,990674
2019-03-26,EL.PA,95.2120132446289,96.85596466064453,94.6053237915039,96.69940185546875,86.83949279785156,827363
2019-03-27,EL.PA,96.87553405761719,97.14952850341797,96.19055938720703,96.48412322998047,86.64617156982422,685108
2019-03-28,EL.PA,95.76000213623047,95.79914093017578,93.45064544677734,93.93991088867188,84.36137390136719,1285323
2019-03-29,EL.PA,95.07501983642578,95.8969955444336,94.56617736816406,95.29029846191406,85.57406616210938,953058
2019-04-01,EL.PA,95.79914093017578,96.36669158935547,94.70317840576172,95.11416625976562,85.41590118408203,608871
2019-04-02,EL.PA,95.48600769042969,95.525146484375,94.76188659667969,94.76188659667969,85.09954071044922,685682
2019-04-03,EL.PA,95.36858367919922,95.44686889648438,94.46832275390625,95.1728744506836,85.46861267089844,705587
2019-04-04,EL.PA,95.34901428222656,95.66214752197266,94.29219055175781,95.15330505371094,85.45104217529297,753516
2019-04-05,EL.PA,95.25115966796875,95.25115966796875,93.62677764892578,94.03776550292969,84.44924926757812,1110022
2019-04-08,EL.PA,93.95948028564453,94.5074691772461,93.8812026977539,94.33132934570312,84.71287536621094,525999
2019-04-09,EL.PA,94.17476654052734,95.36858367919922,93.95948028564453,94.97716522216797,85.2928695678711,867419
2019-04-10,EL.PA,94.74231719970703,95.46643829345703,94.31175994873047,94.78145599365234,85.11711120605469,696611
2019-04-11,EL.PA,95.79914093017578,97.09081268310547,95.60343170166016,96.6211166381836,86.7691879272461,1318050
2019-04-12,EL.PA,96.03398895263672,99.07725524902344,94.91845703125,98.8326187133789,88.75518798828125,1344512
2019-04-15,EL.PA,98.93047332763672,100.44721221923828,98.39227294921875,99.41973876953125,89.2824478149414,1116740
2019-04-16,EL.PA,99.51759338378906,101.6214599609375,99.41973876953125,101.52360534667969,91.17179107666016,967300
2019-04-17,EL.PA,102.50214385986328,105.82918548583984,101.91502380371094,104.80171966552734,94.11566162109375,1801847
2019-04-18,EL.PA,104.70386505126953,105.82918548583984,104.11673736572266,105.82918548583984,95.03836822509766,1438527
2019-04-23,EL.PA,105.63347625732422,107.83518981933594,105.4377670288086,106.95450592041016,96.04894256591797,1240716
2019-04-24,EL.PA,106.95450592041016,106.95450592041016,103.92102813720703,104.80171966552734,94.11566162109375,1034837
2019-04-25,EL.PA,103.92102813720703,105.24205780029297,102.6978530883789,105.24205780029297,94.51110076904297,630019
2019-04-26,EL.PA,104.99742126464844,105.82918548583984,104.75279235839844,105.5356216430664,94.77472686767578,620813
2019-04-29,EL.PA,105.24205780029297,106.31845092773438,104.89956665039062,106.31845092773438,95.47772979736328,504572
2019-04-30,EL.PA,106.66094207763672,107.00343322753906,105.29098510742188,106.17167663574219,95.3459243774414,825951
2019-05-02,EL.PA,106.17167663574219,107.00343322753906,104.60601043701172,104.60601043701172,93.93990325927734,919517
2019-05-03,EL.PA,104.31244659423828,104.65493774414062,103.48068237304688,104.21459197998047,93.58840942382812,639625
2019-05-06,EL.PA,102.74678039550781,105.58454895019531,102.74678039550781,104.99742126464844,94.2914047241211,550615
2019-05-07,EL.PA,104.99742126464844,105.58454895019531,103.23605346679688,103.52960968017578,92.97325134277344,806786
2019-05-08,EL.PA,100.49613952636719,104.75279235839844,97.85408020019531,104.65493774414062,93.98384857177734,1078274
2019-05-09,EL.PA,103.77424621582031,104.26351928710938,103.04034423828125,103.7253189086914,93.14900970458984,786380
2019-05-10,EL.PA,104.80171966552734,109.0583724975586,104.36137390136719,107.83518981933594,96.8398208618164,1430495
2019-05-13,EL.PA,110.67295837402344,113.31501770019531,107.68841552734375,107.98197174072266,96.97163391113281,1336637
2019-05-14,EL.PA,108.3733901977539,108.42231750488281,105.63347625732422,106.66094207763672,95.78530883789062,1048925
2019-05-15,EL.PA,106.22059631347656,107.10128784179688,104.94849395751953,106.22059631347656,95.3898696899414,831833
2019-05-16,EL.PA,106.12274932861328,107.5905532836914,105.33991241455078,107.5905532836914,96.62013244628906,711304
2019-05-17,EL.PA,107.5905532836914,107.83518981933594,106.31845092773438,107.5905532836914,96.62013244628906,998664
2019-05-20,EL.PA,107.5905532836914,107.88411712646484,106.02489471435547,106.12274932861328,95.30199432373047,795786
2019-05-21,EL.PA,104.99742126464844,104.99742126464844,103.7253189086914,104.85063934326172,96.0051040649414,632742
2019-05-22,EL.PA,103.92102813720703,105.29098510742188,103.87210083007812,104.5081558227539,95.69152069091797,563801
2019-05-23,EL.PA,103.87210083007812,104.11673736572266,102.89356231689453,103.6274642944336,94.88511657714844,846096
2019-05-24,EL.PA,104.11673736572266,104.459228515625,103.6763916015625,103.82317352294922,95.06431579589844,815440
2019-05-27,EL.PA,104.65493774414062,104.94849395751953,103.4317626953125,103.92102813720703,95.15391540527344,296530
2019-05-28,EL.PA,104.16566467285156,104.36137390136719,101.6214599609375,101.76824188232422,93.18274688720703,1634269
2019-05-29,EL.PA,101.27896881103516,101.47467803955078,100.39828491210938,100.98540496826172,92.46595764160156,831875
2019-05-30,EL.PA,101.03433227539062,101.42575073242188,100.10472106933594,101.42575073242188,92.86914825439453,389898
2019-05-31,EL.PA,100.593994140625,100.93647766113281,99.61544799804688,100.93647766113281,92.42115783691406,929655
2019-06-03,EL.PA,100.34935760498047,102.74678039550781,99.7622299194336,102.74678039550781,94.07872772216797,837910
2019-06-04,EL.PA,101.91502380371094,102.06180572509766,101.08325958251953,101.32789611816406,92.77954864501953,1006348
2019-06-05,EL.PA,101.76824188232422,103.6274642944336,101.08325958251953,103.6274642944336,94.88511657714844,807821
2019-06-06,EL.PA,103.52960968017578,104.99742126464844,103.08927154541016,103.4317626953125,94.70592498779297,728682
2019-06-07,EL.PA,103.33390808105469,105.19313049316406,103.33390808105469,104.70386505126953,95.87071228027344,663128
2019-06-10,EL.PA,105.29098510742188,105.29098510742188,104.31244659423828,104.5081558227539,95.69152069091797,212659
2019-06-11,EL.PA,104.89956665039062,105.4377670288086,104.459228515625,104.459228515625,95.64672088623047,454501
2019-06-12,EL.PA,104.21459197998047,104.26351928710938,102.94248962402344,103.23605346679688,94.5267333984375,494244
2019-06-13,EL.PA,102.64892578125,103.3828353881836,101.71931457519531,102.40428924560547,93.76513671875,560143
2019-06-14,EL.PA,102.55107116699219,104.36137390136719,102.40428924560547,104.11673736572266,95.33311462402344,520752
2019-06-17,EL.PA,103.96995544433594,104.70386505126953,103.52960968017578,104.459228515625,95.64672088623047,480979
2019-06-18,EL.PA,104.16566467285156,107.93304443359375,103.92102813720703,107.63948059082031,98.55867004394531,926301
2019-06-19,EL.PA,107.73733520507812,109.3030014038086,107.49270629882812,109.20514678955078,99.99225616455078,873662
2019-06-20,EL.PA,109.59656524658203,110.67295837402344,108.96051788330078,110.1836929321289,100.88824462890625,864219
2019-06-21,EL.PA,110.0858383178711,110.81974029541016,107.93304443359375,108.81373596191406,99.63385772705078,1881385
2019-06-24,EL.PA,108.81373596191406,109.00944519042969,107.44377899169922,108.03089904785156,98.91706085205078,608796
2019-06-25,EL.PA,107.49270629882812,107.93304443359375,106.61201477050781,107.44377899169922,98.37947845458984,775609
2019-06-26,EL.PA,106.85665130615234,107.73733520507812,106.5630874633789,106.80772399902344,97.79708099365234,542764
2019-06-27,EL.PA,106.95450592041016,111.2111587524414,106.75879669189453,111.1622314453125,101.78422546386719,934044
2019-06-28,EL.PA,110.57510375976562,112.58111572265625,108.66695404052734,112.28755187988281,102.81460571289062,1021765
2019-07-01,EL.PA,113.2660903930664,113.65750885009766,109.54763793945312,111.1622314453125,101.78422546386719,726564
2019-07-02,EL.PA,111.35794067382812,111.94506072998047,110.81974029541016,111.70043182373047,102.27701568603516,514969
2019-07-03,EL.PA,111.94506072998047,112.58111572265625,111.84721374511719,112.2386245727539,102.76980590820312,460387
2019-07-04,EL.PA,112.53218841552734,112.53218841552734,110.67295837402344,111.94506072998047,102.50101470947266,246252
2019-07-05,EL.PA,112.189697265625,112.189697265625,111.26008605957031,111.74935913085938,102.32182312011719,383690
2019-07-08,EL.PA,111.55364990234375,112.189697265625,110.81974029541016,112.189697265625,102.72501373291016,332988
2019-07-09,EL.PA,112.189697265625,112.77682495117188,111.79828643798828,112.72789764404297,103.21781158447266,415666
2019-07-10,EL.PA,112.72789764404297,114.19570922851562,112.189697265625,113.51072692871094,103.9345932006836,690376
2019-07-11,EL.PA,113.75536346435547,114.88068389892578,113.41287231445312,113.80429077148438,104.2033920288086,559422
2019-07-12,EL.PA,113.80429077148438,115.71244812011719,113.80429077148438,115.46781158447266,105.72657012939453,580464
2019-07-15,EL.PA,115.46781158447266,116.44635009765625,114.83175659179688,115.41888427734375,105.6817626953125,435568
2019-07-16,EL.PA,115.46781158447266,116.39742279052734,115.17424774169922,115.71244812011719,105.95056915283203,615990
2019-07-17,EL.PA,115.7613754272461,116.73991394042969,113.90214538574219,114.0489273071289,104.4273910522461,660282
2019-07-18,EL.PA,112.53218841552734,116.64205932617188,110.86866760253906,116.25064086914062,106.443359375,900286
2019-07-19,EL.PA,116.29956817626953,116.8866958618164,115.36995697021484,116.54420471191406,106.71216583251953,664325
2019-07-22,EL.PA,115.46781158447266,116.7888412475586,115.46781158447266,116.49527740478516,106.66736602783203,406813
2019-07-23,EL.PA,116.25064086914062,117.18025970458984,116.20171356201172,116.73991394042969,106.89136505126953,489282
2019-07-24,EL.PA,115.7613754272461,116.8377685546875,115.51673889160156,116.59313201904297,106.75697326660156,495978
2019-07-25,EL.PA,116.64205932617188,117.52274322509766,115.71244812011719,116.44635009765625,106.62256622314453,973856
2019-07-26,EL.PA,116.44635009765625,117.18025970458984,116.39742279052734,116.54420471191406,106.71216583251953,542133
2019-07-29,EL.PA,116.44635009765625,117.32704162597656,116.25064086914062,116.7888412475586,106.93616485595703,497558
2019-07-30,EL.PA,116.8377685546875,116.8866958618164,115.61459350585938,116.0060043334961,106.2193603515625,654800
2019-07-31,EL.PA,116.8866958618164,121.63262176513672,116.29956817626953,120.01802825927734,109.89292907714844,1191936
2019-08-01,EL.PA,120.84978485107422,126.81888580322266,120.26265716552734,124.95965576171875,114.41765594482422,1162038
2019-08-02,EL.PA,122.95365142822266,123.4918441772461,120.16480255126953,120.50729370117188,110.34091186523438,1076324
2019-08-05,EL.PA,119.28411865234375,120.26265716552734,117.32704162597656,117.9141616821289,107.96654510498047,852897
2019-08-06,EL.PA,117.865234375,119.52875518798828,117.66952514648438,118.50128936767578,108.50414276123047,696309
2019-08-07,EL.PA,119.6266098022461,123.05149841308594,119.28411865234375,122.31759643554688,111.99848175048828,882314
2019-08-08,EL.PA,124.5682373046875,125.4000015258789,123.34506225585938,125.4000015258789,114.82085418701172,942938
2019-08-09,EL.PA,124.47038269042969,126.81888580322266,124.2746810913086,126.57424926757812,115.89603424072266,898653
2019-08-12,EL.PA,126.23175811767578,127.79742431640625,124.71501922607422,125.74249267578125,115.13443756103516,630273
2019-08-13,EL.PA,124.66609191894531,128.9716796875,124.47038269042969,128.2866973876953,117.4640121459961,778013
2019-08-14,EL.PA,128.38455200195312,128.67811584472656,124.95965576171875,125.49785614013672,114.91044616699219,802550
2019-08-15,EL.PA,126.18283081054688,126.52532196044922,123.05149841308594,124.03004455566406,113.56646728515625,834385
2019-08-16,EL.PA,124.42145538330078,125.44892883300781,124.2746810913086,124.5193099975586,114.01445007324219,1039004
2019-08-19,EL.PA,125.15536499023438,126.3296127319336,124.2746810913086,125.79141235351562,115.17922973632812,562353
2019-08-20,EL.PA,125.84033966064453,126.67210388183594,125.35107421875,126.28068542480469,115.62723541259766,701765
2019-08-21,EL.PA,126.62317657470703,129.4609375,126.52532196044922,128.4334716796875,117.5984115600586,631851
2019-08-22,EL.PA,128.38455200195312,128.58026123046875,127.30815124511719,127.69956970214844,116.92642211914062,557573
2019-08-23,EL.PA,128.2866973876953,129.16737365722656,127.16136932373047,128.13990783691406,117.3296127319336,771208
2019-08-26,EL.PA,128.4334716796875,130.58627319335938,128.2866973876953,128.67811584472656,117.82242584228516,752926
2019-08-27,EL.PA,130.63519287109375,130.68411254882812,128.13990783691406,129.9991455078125,119.0320053100586,841810
2019-08-28,EL.PA,129.95021057128906,130.43948364257812,128.72703552246094,130.1459197998047,119.16639709472656,557068
2019-08-29,EL.PA,128.8738250732422,132.2008514404297,128.8738250732422,131.3690948486328,120.28636932373047,498087
2019-08-30,EL.PA,131.1244659423828,132.49441528320312,130.58627319335938,131.3690948486328,120.28636932373047,651550
2019-09-02,EL.PA,131.66265869140625,132.49441528320312,130.48841857910156,130.58627319335938,119.56959533691406,450846
2019-09-03,EL.PA,130.63519287109375,130.97767639160156,129.65664672851562,130.97767639160156,119.92797088623047,564313
2019-09-04,EL.PA,132.10299682617188,133.7665252685547,131.66265869140625,132.54335021972656,121.3615493774414,633836
2019-09-05,EL.PA,133.1793975830078,133.27725219726562,129.95021057128906,131.9073028564453,120.77916717529297,958572
2019-09-06,EL.PA,131.9073028564453,133.52188110351562,131.66265869140625,132.2987060546875,121.13756561279297,739639
2019-09-09,EL.PA,132.2987060546875,132.2987060546875,129.21630859375,129.60772705078125,118.67359924316406,668379
2019-09-10,EL.PA,129.60772705078125,129.80343627929688,126.76995849609375,127.50386047363281,116.74722290039062,965396
2019-09-11,EL.PA,127.50386047363281,127.89527893066406,126.18283081054688,127.16136932373047,116.4336166381836,849091
2019-09-12,EL.PA,127.21029663085938,127.55278778076172,125.05751037597656,126.62317657470703,115.94083404541016,964831
2019-09-13,EL.PA,126.47639465332031,127.74849700927734,125.00858306884766,127.55278778076172,116.7920150756836,789229
2019-09-16,EL.PA,127.60171508789062,128.92274475097656,126.72103118896484,127.79742431640625,117.0160140991211,804071
2019-09-17,EL.PA,127.65064239501953,128.77597045898438,127.25922393798828,128.1888427734375,117.3744125366211,520019
2019-09-18,EL.PA,127.94420623779297,128.3356170654297,126.67210388183594,127.60171508789062,116.8368148803711,587712
2019-09-19,EL.PA,128.0909881591797,128.67811584472656,127.84635162353516,128.0909881591797,117.28482055664062,687890
2019-09-20,EL.PA,128.62918090820312,131.07553100585938,128.13990783691406,129.26524353027344,118.3600082397461,1656058
2019-09-23,EL.PA,130.63519287109375,131.22232055664062,128.9716796875,129.60772705078125,118.67359924316406,622079
2019-09-24,EL.PA,129.65664672851562,130.0970001220703,128.77597045898438,129.75450134277344,118.80799102783203,468034
2019-09-25,EL.PA,128.5313262939453,128.72703552246094,123.4918441772461,126.03604888916016,115.40323638916016,966884
2019-09-26,EL.PA,126.08497619628906,128.23776245117188,125.79141235351562,127.99313354492188,117.1952133178711,515618
2019-09-27,EL.PA,128.2866973876953,129.26524353027344,127.16136932373047,127.69956970214844,116.92642211914062,667501
2019-09-30,EL.PA,127.4549331665039,129.80343627929688,127.4549331665039,129.41201782226562,118.49440002441406,615017
2019-10-01,EL.PA,129.1184539794922,129.41201782226562,126.3785400390625,126.3785400390625,115.71683502197266,644701
2019-10-02,EL.PA,126.13390350341797,126.52532196044922,123.24720764160156,123.78540802001953,113.34246063232422,679830
2019-10-03,EL.PA,123.93218994140625,125.35107421875,123.44291687011719,124.2746810913086,113.79046630859375,821468
2019-10-04,EL.PA,125.4000015258789,126.4274673461914,124.91072845458984,126.08497619628906,115.44804382324219,782396
2019-10-07,EL.PA,125.93819427490234,127.01459503173828,125.69356536865234,126.86781311035156,116.16483306884766,489684
2019-10-08,EL.PA,127.30815124511719,127.30815124511719,125.59571075439453,125.79141235351562,115.17922973632812,538447
2019-10-09,EL.PA,125.54678344726562,129.9991455078125,125.4000015258789,129.4609375,118.53919982910156,728675
2019-10-10,EL.PA,128.9716796875,130.1459197998047,127.25922393798828,129.65664672851562,118.71839141845703,611264
2019-10-11,EL.PA,129.80343627929688,131.41802978515625,129.50987243652344,131.41802978515625,120.33118438720703,630663
2019-10-14,EL.PA,130.83090209960938,131.76051330566406,130.58627319335938,131.46694946289062,120.3759765625,348771
2019-10-15,EL.PA,132.10299682617188,133.66867065429688,131.46694946289062,133.13047790527344,121.89915466308594,519378
2019-10-16,EL.PA,133.1793975830078,134.1090087890625,132.9347686767578,133.57081604003906,122.3023452758789,526687
2019-10-17,EL.PA,133.91329956054688,134.35365295410156,131.51588439941406,131.56480407714844,120.465576171875,627321
2019-10-18,EL.PA,132.2987060546875,132.9347686767578,131.32017517089844,131.9073028564453,120.77916717529297,535484
2019-10-21,EL.PA,132.2008514404297,132.2008514404297,129.95021057128906,130.3416290283203,119.34559631347656,551802
2019-10-22,EL.PA,129.70558166503906,130.04806518554688,128.38455200195312,129.9012908935547,118.94239807128906,434061
2019-10-23,EL.PA,128.82489013671875,129.80343627929688,128.1888427734375,129.5587921142578,118.62879180908203,420138
2019-10-24,EL.PA,129.80343627929688,131.07553100585938,129.60772705078125,130.58627319335938,119.56959533691406,484336
2019-10-25,EL.PA,131.07553100585938,131.8094482421875,130.53733825683594,131.66265869140625,120.55516815185547,408782
2019-10-28,EL.PA,130.97767639160156,132.44549560546875,130.83090209960938,131.56480407714844,120.465576171875,363832
2019-10-29,EL.PA,131.32017517089844,131.41802978515625,130.48841857910156,130.78196716308594,119.748779296875,591358
2019-10-30,EL.PA,132.10299682617188,133.27725219726562,130.63519287109375,132.1519317626953,121.00315856933594,1021815
2019-10-31,EL.PA,133.27725219726562,134.94076538085938,132.54335021972656,133.8643798828125,122.57113647460938,869341
2019-11-01,EL.PA,134.5493621826172,135.2343292236328,133.13047790527344,133.13047790527344,121.89915466308594,393415
2019-11-04,EL.PA,134.0111541748047,134.06008911132812,133.08154296875,133.37510681152344,122.12313842773438,485972
2019-11-05,EL.PA,133.22833251953125,133.47296142578125,132.3965606689453,132.8369140625,121.63037872314453,470797
2019-11-06,EL.PA,132.64120483398438,132.69012451171875,131.3690948486328,132.10299682617188,120.95835876464844,491996
2019-11-07,EL.PA,132.1519317626953,132.8369140625,132.10299682617188,132.44549560546875,121.27196502685547,597893
2019-11-08,EL.PA,132.49441528320312,134.0111541748047,131.61373901367188,132.1519317626953,121.00315856933594,629706
2019-11-11,EL.PA,131.8094482421875,133.03262329101562,131.66265869140625,132.2008514404297,121.0479507446289,373785
2019-11-12,EL.PA,132.24978637695312,133.27725219726562,132.1519317626953,132.3965606689453,121.22715759277344,508395
2019-11-13,EL.PA,133.08154296875,135.38111877441406,132.78797912597656,134.891845703125,123.51194763183594,749636
2019-11-14,EL.PA,134.9897003173828,136.31072998046875,134.647216796875,135.6746826171875,124.22874450683594,404698
2019-11-15,EL.PA,136.0171661376953,137.0446319580078,135.72360229492188,136.1639404296875,124.67670440673828,704518
2019-11-18,EL.PA,136.7021484375,136.89785766601562,135.9193115234375,136.8000030517578,125.25910949707031,420053
2019-11-19,EL.PA,136.99571228027344,138.16995239257812,136.6042938232422,137.0446319580078,125.48309326171875,456854
2019-11-20,EL.PA,137.0446319580078,137.14248657226562,134.84291076660156,135.96824645996094,124.49752807617188,418254
2019-11-21,EL.PA,135.96824645996094,135.96824645996094,134.15794372558594,134.84291076660156,123.4671401977539,433660
2019-11-22,EL.PA,135.2343292236328,136.06610107421875,134.94076538085938,135.5768280029297,124.13912963867188,317104
2019-11-25,EL.PA,136.0171661376953,137.19142150878906,135.9193115234375,137.0446319580078,125.48309326171875,444710
2019-11-26,EL.PA,136.99571228027344,138.12103271484375,136.55535888671875,138.12103271484375,126.46869659423828,778001
2019-11-27,EL.PA,138.12103271484375,138.46351623535156,137.68067932128906,138.02317810058594,126.37909698486328,401512
2019-11-28,EL.PA,137.7296142578125,137.8763885498047,136.89785766601562,137.09356689453125,125.52792358398438,317803
2019-11-29,EL.PA,137.14248657226562,137.9742431640625,136.8489227294922,137.9742431640625,126.33429718017578,545416
2019-12-02,EL.PA,138.0720977783203,139.24635314941406,133.37510681152344,133.47296142578125,122.2127456665039,864328
2019-12-03,EL.PA,132.59226989746094,133.81544494628906,131.85836791992188,132.49441528320312,121.31674194335938,671731
2019-12-04,EL.PA,132.10299682617188,133.9622344970703,131.66265869140625,133.37510681152344,122.12313842773438,402408
2019-12-05,EL.PA,134.0111541748047,136.21287536621094,133.91329956054688,134.69613647460938,123.3327407836914,384823
2019-12-06,EL.PA,135.38111877441406,135.7725372314453,134.647216796875,135.7725372314453,124.31832885742188,454322
2019-12-09,EL.PA,135.18540954589844,135.47897338867188,133.71759033203125,134.35365295410156,123.0191421508789,317391
2019-12-10,EL.PA,133.32618713378906,136.21287536621094,132.59226989746094,136.06610107421875,124.5871353149414,551484
2019-12-11,EL.PA,135.43003845214844,136.45750427246094,134.50042724609375,135.9193115234375,124.45271301269531,476459
2019-12-12,EL.PA,135.87039184570312,136.8489227294922,135.18540954589844,136.0171661376953,124.54232788085938,523247
2019-12-13,EL.PA,137.7296142578125,137.92532348632812,136.65321350097656,137.58282470703125,125.97589874267578,654366
2019-12-16,EL.PA,137.9742431640625,139.6377716064453,137.8274688720703,138.70816040039062,127.00629425048828,527571
2019-12-17,EL.PA,138.90386962890625,138.90386962890625,137.4849853515625,137.4849853515625,125.88631439208984,612986
2019-12-18,EL.PA,137.24034118652344,137.9742431640625,136.50643920898438,136.7021484375,125.16950988769531,567377
2019-12-19,EL.PA,136.75106811523438,137.19142150878906,135.33218383789062,135.43003845214844,124.00473022460938,586200
2019-12-20,EL.PA,135.43003845214844,135.9193115234375,134.5493621826172,134.5493621826172,123.19833374023438,1613095
2019-12-23,EL.PA,134.5493621826172,135.7725372314453,134.5493621826172,135.18540954589844,123.7807388305664,444912
2019-12-24,EL.PA,135.6746826171875,135.6746826171875,134.891845703125,135.62574768066406,124.18392944335938,96773
2019-12-25,EL.PA,135.62574768066406,135.62574768066406,135.62574768066406,135.62574768066406,124.18392944335938,0
2019-12-27,EL.PA,136.21287536621094,136.7021484375,135.52789306640625,136.1639404296875,124.67670440673828,444229
2019-12-30,EL.PA,134.06008911132812,135.62574768066406,132.00515747070312,132.00515747070312,120.86878967285156,532457
2019-12-31,EL.PA,131.9073028564453,133.37510681152344,130.43948364257812,132.88583374023438,121.6751480102539,158397
2020-01-02,EL.PA,133.22833251953125,134.30471801757812,132.88583374023438,133.7665252685547,122.48153686523438,533765
2020-01-03,EL.PA,133.13047790527344,133.32618713378906,132.3965606689453,133.32618713378906,122.0783462524414,515016
2020-01-06,EL.PA,132.49441528320312,133.1793975830078,131.3690948486328,133.1793975830078,121.9439468383789,567758
2020-01-07,EL.PA,133.52188110351562,136.1639404296875,133.47296142578125,134.1090087890625,122.79512786865234,592386
2020-01-08,EL.PA,133.8643798828125,135.9193115234375,133.57081604003906,135.9193115234375,124.45271301269531,396153
2020-01-09,EL.PA,136.99571228027344,138.56137084960938,136.55535888671875,138.12103271484375,126.46869659423828,491989
2020-01-10,EL.PA,138.8549346923828,138.95278930664062,137.9742431640625,137.9742431640625,126.33429718017578,330369
2020-01-13,EL.PA,137.68067932128906,138.02317810058594,135.5768280029297,135.8214569091797,124.36311340332031,470440
2020-01-14,EL.PA,136.1639404296875,137.0446319580078,134.30471801757812,136.8489227294922,125.30392456054688,563702
2020-01-15,EL.PA,136.7021484375,139.05064392089844,136.1639404296875,139.05064392089844,127.31987762451172,585737
2020-01-16,EL.PA,138.95278930664062,139.4420623779297,138.31674194335938,139.05064392089844,127.31987762451172,406041
2020-01-17,EL.PA,139.34420776367188,141.88841247558594,139.34420776367188,141.5948486328125,129.6494598388672,565891
2020-01-20,EL.PA,141.20343017578125,141.2523651123047,138.90386962890625,139.83348083496094,128.03668212890625,371381
2020-01-21,EL.PA,139.19741821289062,139.7845458984375,137.09356689453125,139.7845458984375,127.99187469482422,447674
2020-01-22,EL.PA,139.14849853515625,140.32273864746094,137.24034118652344,137.24034118652344,125.66230773925781,609509
2020-01-23,EL.PA,136.50643920898438,137.8763885498047,136.0171661376953,136.21287536621094,124.72150421142578,658932
2020-01-24,EL.PA,137.4849853515625,138.21888732910156,135.72360229492188,136.0171661376953,124.54232788085938,770838
2020-01-27,EL.PA,133.7665252685547,134.1090087890625,132.24978637695312,132.9836883544922,121.76473999023438,745025
2020-01-28,EL.PA,133.71759033203125,135.38111877441406,133.08154296875,135.0386199951172,123.64632415771484,650084
2020-01-29,EL.PA,134.5493621826172,136.1639404296875,134.30471801757812,135.6746826171875,124.22874450683594,642152
2020-01-30,EL.PA,133.81544494628906,134.35365295410156,133.03262329101562,133.91329956054688,122.61592102050781,712789
2020-01-31,EL.PA,133.9622344970703,134.25579833984375,131.3690948486328,131.3690948486328,120.28636932373047,884717
2020-02-03,EL.PA,131.32017517089844,133.7665252685547,131.32017517089844,132.88583374023438,121.6751480102539,670686
2020-02-04,EL.PA,133.32618713378906,134.84291076660156,133.22833251953125,133.32618713378906,122.0783462524414,562330
2020-02-05,EL.PA,132.78797912597656,135.8214569091797,132.78797912597656,134.891845703125,123.51194763183594,610795
2020-02-06,EL.PA,134.94076538085938,135.47897338867188,133.81544494628906,134.30471801757812,122.97433471679688,588046
2020-02-07,EL.PA,133.81544494628906,134.30471801757812,132.44549560546875,134.06008911132812,122.75035095214844,677582
2020-02-10,EL.PA,133.7665252685547,134.94076538085938,133.13047790527344,134.647216796875,123.28792572021484,527989
2020-02-11,EL.PA,135.0386199951172,135.47897338867188,134.1090087890625,135.38111877441406,123.95993041992188,584921
2020-02-12,EL.PA,134.94076538085938,135.96824645996094,134.50042724609375,135.96824645996094,124.49752807617188,675859
2020-02-13,EL.PA,135.62574768066406,136.50643920898438,134.15794372558594,136.50643920898438,124.99031829833984,625043
2020-02-14,EL.PA,136.45750427246094,137.0446319580078,135.62574768066406,136.35964965820312,124.85591888427734,418354
2020-02-17,EL.PA,136.99571228027344,137.6317596435547,136.06610107421875,137.33819580078125,125.75189208984375,361068
2020-02-18,EL.PA,136.2617950439453,137.9742431640625,136.2617950439453,137.0446319580078,125.48309326171875,485092
2020-02-19,EL.PA,137.53390502929688,139.7845458984375,137.4849853515625,139.5399169921875,127.76787567138672,565563
2020-02-20,EL.PA,139.001708984375,139.6866912841797,138.36566162109375,138.36566162109375,126.69268035888672,488957
2020-02-21,EL.PA,137.7296142578125,140.12704467773438,137.19142150878906,139.001708984375,127.27506256103516,811200
2020-02-24,EL.PA,135.72360229492188,135.7725372314453,129.80343627929688,130.83090209960938,119.79358673095703,1405965
2020-02-25,EL.PA,132.2987060546875,132.7390594482422,127.89527893066406,128.2866973876953,117.4640121459961,1072133
2020-02-26,EL.PA,127.4549331665039,128.48240661621094,123.10042572021484,127.4549331665039,116.70242309570312,1080663
2020-02-27,EL.PA,124.91072845458984,126.08497619628906,121.73046875,123.44291687011719,113.02887725830078,1129732
2020-02-28,EL.PA,119.6266098022461,121.09442138671875,116.54420471191406,120.45836639404297,110.29610443115234,2090880
2020-03-02,EL.PA,120.45836639404297,122.31759643554688,117.37596130371094,119.08840942382812,109.04171752929688,1520155
2020-03-03,EL.PA,120.80085754394531,127.406005859375,120.31158447265625,124.91072845458984,114.37284851074219,1661113
2020-03-04,EL.PA,124.91072845458984,126.91674041748047,124.42145538330078,125.84033966064453,115.22403717041016,1099355
2020-03-05,EL.PA,127.06352233886719,127.21029663085938,121.92617797851562,122.26866912841797,111.95368957519531,1140744
2020-03-06,EL.PA,118.40343475341797,120.94763946533203,117.08240509033203,117.52274322509766,107.60814666748047,1509823
2020-03-09,EL.PA,110.86866760253906,112.67897033691406,107.73733520507812,111.30901336669922,101.91863250732422,2799756
2020-03-10,EL.PA,112.04291534423828,114.78282928466797,104.75279235839844,104.89956665039062,96.04989624023438,2365774
2020-03-11,EL.PA,105.87811279296875,107.44377899169922,104.65493774414062,106.4652328491211,97.48348999023438,1902577
2020-03-12,EL.PA,100.20257568359375,102.64892578125,97.12995910644531,98.8326187133789,90.4947738647461,3414729
2020-03-13,EL.PA,102.20858001708984,105.4377670288086,95.5838623046875,97.95193481445312,89.68838500976562,3162940
2020-03-16,EL.PA,91.47399139404297,95.2120132446289,84.898193359375,93.84205627441406,85.92523956298828,2716149
2020-03-17,EL.PA,103.48068237304688,103.77424621582031,91.12171936035156,94.82060241699219,86.82122039794922,1516230
2020-03-18,EL.PA,89.242919921875,100.39828491210938,86.7574234008789,97.95193481445312,89.68838500976562,1625628
2020-03-19,EL.PA,96.95381927490234,105.97596740722656,96.95381927490234,102.25750732421875,93.63072967529297,1348936
2020-03-20,EL.PA,104.70386505126953,111.26008605957031,103.08927154541016,107.93304443359375,98.82746887207031,1632867
2020-03-23,EL.PA,100.20257568359375,106.61201477050781,93.13751220703125,96.7189712524414,88.5594482421875,1594002
2020-03-24,EL.PA,100.20257568359375,106.70986938476562,97.73664855957031,106.70986938476562,97.70748138427734,1346318
2020-03-25,EL.PA,106.26952362060547,110.0858383178711,102.84463500976562,109.64549255371094,100.39544677734375,1345764
2020-03-26,EL.PA,106.95450592041016,108.52017211914062,103.23605346679688,107.2969970703125,98.24507904052734,1199033
2020-03-27,EL.PA,103.13819885253906,104.70386505126953,97.90300750732422,100.34935760498047,91.88356018066406,1341909
2020-03-30,EL.PA,100.05579376220703,100.49613952636719,95.01631164550781,97.2865219116211,89.0791244506836,955034
2020-03-31,EL.PA,98.29441833496094,99.02832794189453,94.70317840576172,96.17098999023438,88.05769348144531,1337843
2020-04-01,EL.PA,94.1943359375,94.1943359375,90.06489562988281,91.7675552368164,84.02574920654297,1162775
2020-04-02,EL.PA,92.96137237548828,97.24738311767578,92.3742446899414,94.27262115478516,86.31947326660156,1112400
2020-04-03,EL.PA,92.74609375,96.38626861572266,92.62866973876953,95.66214752197266,87.5917739868164,650068
2020-04-06,EL.PA,98.09870910644531,104.26351928710938,97.09081268310547,102.99141693115234,94.302734375,938178
2020-04-07,EL.PA,106.66094207763672,108.324462890625,104.60601043701172,105.82918548583984,96.9011001586914,908874
2020-04-08,EL.PA,104.70386505126953,104.80171966552734,100.8875503540039,103.7253189086914,94.97471618652344,972460
2020-04-09,EL.PA,104.70386505126953,106.95450592041016,102.40428924560547,104.4103012084961,95.60192108154297,793130
2020-04-14,EL.PA,104.75279235839844,107.05236053466797,103.6274642944336,105.4866943359375,96.5875015258789,828129
2020-04-15,EL.PA,104.21459197998047,105.73133087158203,102.20858001708984,102.84463500976562,94.16832733154297,718616
2020-04-16,EL.PA,105.04634857177734,106.5630874633789,103.3828353881836,104.26351928710938,95.46751403808594,662352
2020-04-17,EL.PA,106.12274932861328,109.15621948242188,105.24205780029297,108.71588134765625,99.54425811767578,1213136
2020-04-20,EL.PA,109.15621948242188,111.06437683105469,107.44377899169922,107.88411712646484,98.78266906738281,699040
2020-04-21,EL.PA,105.68240356445312,106.90557861328125,103.48068237304688,103.57853698730469,94.8403091430664,687765
2020-04-22,EL.PA,105.38883972167969,105.38883972167969,101.5725326538086,102.45321655273438,93.80992889404297,707211
2020-04-23,EL.PA,102.79570770263672,104.75279235839844,101.76824188232422,103.82317352294922,95.06431579589844,504184
2020-04-24,EL.PA,101.81716918945312,103.6763916015625,101.5725326538086,102.74678039550781,94.07872772216797,618173
2020-04-27,EL.PA,104.75279235839844,106.80772399902344,103.33390808105469,105.87811279296875,96.9458999633789,548496
2020-04-28,EL.PA,105.68240356445312,106.85665130615234,104.94849395751953,106.17167663574219,97.21469116210938,605272
2020-04-29,EL.PA,105.82918548583984,110.03691101074219,105.68240356445312,108.96051788330078,99.76825714111328,808601
2020-04-30,EL.PA,110.96652221679688,112.72789764404297,109.4008560180664,110.23262023925781,100.93303680419922,1186181
2020-05-04,EL.PA,106.75879669189453,106.95450592041016,102.79570770263672,104.70386505126953,95.87071228027344,918321
2020-05-05,EL.PA,103.96995544433594,108.47124481201172,102.99141693115234,107.93304443359375,98.82746887207031,720129
2020-05-06,EL.PA,107.63948059082031,109.3030014038086,106.51416015625,106.75879669189453,97.75228118896484,492324
2020-05-07,EL.PA,107.63948059082031,109.15621948242188,107.3459243774414,108.324462890625,99.18585968017578,396851
2020-05-08,EL.PA,109.98798370361328,110.134765625,107.54163360595703,108.324462890625,99.18585968017578,267599
2020-05-11,EL.PA,108.71588134765625,112.2386245727539,108.66695404052734,111.2111587524414,101.82902526855469,637055
2020-05-12,EL.PA,111.2111587524414,111.89613342285156,110.28154754638672,111.1133041381836,101.73943328857422,433223
2020-05-13,EL.PA,110.52617645263672,110.52617645263672,106.02489471435547,106.36737823486328,97.39389038085938,633861
2020-05-14,EL.PA,104.60601043701172,105.92704010009766,102.5999984741211,105.19313049316406,96.3187026977539,694519
2020-05-15,EL.PA,106.02489471435547,106.5630874633789,104.21459197998047,105.33991241455078,96.4531021118164,514800
2020-05-18,EL.PA,108.61802673339844,109.98798370361328,106.02489471435547,109.69441986083984,100.44024658203125,557235
2020-05-19,EL.PA,111.84721374511719,111.84721374511719,108.56909942626953,110.0858383178711,100.79864501953125,834944
2020-05-20,EL.PA,109.89012908935547,111.1622314453125,107.88411712646484,110.52617645263672,101.20183563232422,538643
2020-05-21,EL.PA,109.84120178222656,110.134765625,108.07982635498047,109.0583724975586,99.85786437988281,360181
2020-05-22,EL.PA,107.63948059082031,108.66695404052734,107.10128784179688,108.03089904785156,98.91706085205078,456639
2020-05-25,EL.PA,109.4008560180664,109.69441986083984,108.47124481201172,109.64549255371094,100.39544677734375,366131
2020-05-26,EL.PA,110.86866760253906,111.74935913085938,108.86266326904297,109.0583724975586,99.85786437988281,582630
2020-05-27,EL.PA,109.4008560180664,114.39141845703125,109.3030014038086,114.39141845703125,104.74098205566406,957336
2020-05-28,EL.PA,115.66352081298828,118.30558013916016,114.24463653564453,117.08240509033203,107.2049560546875,821716
2020-05-29,EL.PA,116.44635009765625,117.66952514648438,113.2660903930664,113.2660903930664,103.7105941772461,1879863
2020-06-01,EL.PA,115.36995697021484,117.57167053222656,114.48927307128906,115.27210235595703,105.54737091064453,352390
2020-06-02,EL.PA,115.90815734863281,118.30558013916016,115.41888427734375,117.32704162597656,107.42896270751953,660514
2020-06-03,EL.PA,118.40343475341797,119.33304595947266,116.98455047607422,118.9416275024414,108.9073257446289,721212
2020-06-04,EL.PA,120.06695556640625,120.36051177978516,117.57167053222656,118.15879821777344,108.19054412841797,871787
2020-06-05,EL.PA,118.8927001953125,122.61116027832031,118.35450744628906,122.61116027832031,112.26728820800781,1201102
2020-06-08,EL.PA,120.45836639404297,121.97510528564453,119.675537109375,119.675537109375,109.57931518554688,783562
2020-06-09,EL.PA,120.40943908691406,120.7519302368164,117.32704162597656,118.74591827392578,108.72813415527344,929148
2020-06-10,EL.PA,119.96910095214844,119.96910095214844,114.9785385131836,115.56566619873047,105.81616973876953,896969
2020-06-11,EL.PA,113.51072692871094,113.9510726928711,110.28154754638672,110.42832946777344,101.11224365234375,973491
2020-06-12,EL.PA,109.89012908935547,113.55965423583984,109.64549255371094,111.45579528808594,102.05302429199219,799966
2020-06-15,EL.PA,109.1072998046875,110.33047485351562,106.85665130615234,109.59656524658203,100.35063934326172,712728
2020-06-16,EL.PA,111.65150451660156,112.87467956542969,110.47725677490234,112.38540649414062,102.90420532226562,873232
2020-06-17,EL.PA,112.58111572265625,114.29356384277344,112.09184265136719,113.46179962158203,103.8897933959961,792710
2020-06-18,EL.PA,113.46179962158203,114.68497467041016,111.74935913085938,113.11931610107422,103.57621002197266,485972
2020-06-19,EL.PA,114.09785461425781,116.1038589477539,113.11931610107422,115.17424774169922,105.45777893066406,1565909
2020-06-22,EL.PA,114.09785461425781,115.0763931274414,113.0214614868164,113.9510726928711,104.3377914428711,481000
2020-06-23,EL.PA,115.41888427734375,115.810302734375,114.09785461425781,115.46781158447266,105.72657012939453,730027
2020-06-24,EL.PA,115.0274658203125,115.17424774169922,110.0858383178711,110.0858383178711,100.79864501953125,675696
2020-06-25,EL.PA,109.93905639648438,112.9236068725586,108.03089904785156,112.67897033691406,103.17301177978516,626016
2020-06-26,EL.PA,114.0,114.68497467041016,112.1407699584961,112.72789764404297,103.21781158447266,572346
2020-06-29,EL.PA,112.48326110839844,115.41888427734375,112.28755187988281,114.92961120605469,105.23377227783203,646029
2020-06-30,EL.PA,115.46781158447266,115.61459350585938,111.2111587524414,111.79828643798828,102.36662292480469,979766
2020-07-01,EL.PA,111.74935913085938,113.9510726928711,110.77081298828125,113.07038879394531,103.53140258789062,608526
2020-07-02,EL.PA,114.0,115.17424774169922,113.21717071533203,114.44034576416016,104.7857894897461,761115
2020-07-03,EL.PA,114.53820037841797,116.1038589477539,114.53820037841797,115.7613754272461,105.99536895751953,416613
2020-07-06,EL.PA,118.15879821777344,118.74591827392578,115.7613754272461,116.25064086914062,106.443359375,560842
2020-07-07,EL.PA,115.8592300415039,116.44635009765625,114.83175659179688,116.20171356201172,106.3985595703125,437684
2020-07-08,EL.PA,115.36995697021484,116.64205932617188,114.88068389892578,115.0274658203125,105.32337188720703,352656
2020-07-09,EL.PA,116.20171356201172,117.03347778320312,114.34249114990234,114.68497467041016,105.00977325439453,411026
2020-07-10,EL.PA,114.0489273071289,115.36995697021484,113.60858154296875,114.44034576416016,104.7857894897461,451705
2020-07-13,EL.PA,116.0060043334961,118.8437728881836,115.27210235595703,118.20772552490234,108.23534393310547,517037
2020-07-14,EL.PA,116.8866958618164,117.08240509033203,114.48927307128906,116.0060043334961,106.2193603515625,394300
2020-07-15,EL.PA,116.8377685546875,119.7244644165039,116.64205932617188,117.865234375,107.92174530029297,855391
2020-07-16,EL.PA,116.69098663330078,117.27811431884766,115.22317504882812,115.8592300415039,106.08497619628906,544829
2020-07-17,EL.PA,116.25064086914062,116.25064086914062,114.9785385131836,115.51673889160156,105.77136993408203,447182
2020-07-20,EL.PA,114.92961120605469,115.17424774169922,113.65750885009766,114.73390197753906,105.05458068847656,472978
2020-07-21,EL.PA,115.95708465576172,116.64205932617188,115.0274658203125,115.36995697021484,105.63697814941406,415286
2020-07-22,EL.PA,115.27210235595703,115.51673889160156,112.38540649414062,112.9236068725586,103.39701080322266,426521
2020-07-23,EL.PA,113.80429077148438,115.32102966308594,113.41287231445312,114.19570922851562,104.56178283691406,483887
2020-07-24,EL.PA,112.67897033691406,113.07038879394531,111.40686798095703,112.33647918701172,102.85941314697266,378383
2020-07-27,EL.PA,112.53218841552734,112.9725341796875,111.99398803710938,112.28755187988281,102.81460571289062,370989
2020-07-28,EL.PA,111.84721374511719,113.51072692871094,111.60257720947266,113.51072692871094,103.9345932006836,483870
2020-07-29,EL.PA,113.60858154296875,115.12532043457031,113.21717071533203,114.78282928466797,105.09937286376953,396582
2020-07-30,EL.PA,117.03347778320312,117.13133239746094,111.1133041381836,112.87467956542969,103.35221099853516,737355
2020-07-31,EL.PA,112.189697265625,113.0214614868164,109.79227447509766,109.79227447509766,100.52984619140625,773749
2020-08-03,EL.PA,110.134765625,110.23262023925781,106.70986938476562,108.12875366210938,99.00666046142578,787516
2020-08-04,EL.PA,108.66695404052734,109.4008560180664,107.63948059082031,108.12875366210938,99.00666046142578,598048
2020-08-05,EL.PA,109.00944519042969,109.59656524658203,107.5905532836914,107.93304443359375,98.82746887207031,574885
2020-08-06,EL.PA,107.98197174072266,108.86266326904297,106.07382202148438,106.51416015625,97.52828979492188,556547
2020-08-07,EL.PA,106.07382202148438,107.2969970703125,105.04634857177734,106.95450592041016,97.93148040771484,506726
2020-08-10,EL.PA,107.63948059082031,107.98197174072266,106.4652328491211,106.4652328491211,97.48348999023438,399482
2020-08-11,EL.PA,106.90557861328125,109.74334716796875,106.90557861328125,108.71588134765625,99.54425811767578,524802
2020-08-12,EL.PA,108.71588134765625,111.01544952392578,108.22660827636719,110.28154754638672,100.97783660888672,431293
2020-08-13,EL.PA,110.03691101074219,110.67295837402344,108.91159057617188,109.3030014038086,100.08184814453125,402604
2020-08-14,EL.PA,109.25407409667969,109.44978332519531,106.70986938476562,107.5905532836914,98.51386260986328,457380
2020-08-17,EL.PA,107.15021514892578,109.00944519042969,106.85665130615234,108.66695404052734,99.49946594238281,345095
2020-08-18,EL.PA,108.42231750488281,109.69441986083984,107.49270629882812,108.52017211914062,99.36505889892578,506037
2020-08-19,EL.PA,108.52017211914062,109.20514678955078,107.68841552734375,109.00944519042969,99.81304931640625,271420
2020-08-20,EL.PA,108.12875366210938,108.2755355834961,106.70986938476562,106.70986938476562,97.70748138427734,394309
2020-08-21,EL.PA,107.10128784179688,108.22660827636719,105.38883972167969,106.66094207763672,97.66268920898438,569630
2020-08-24,EL.PA,107.88411712646484,110.0858383178711,107.88411712646484,109.44978332519531,100.21624755859375,637940
2020-08-25,EL.PA,109.4008560180664,110.52617645263672,108.324462890625,109.20514678955078,99.99225616455078,547186
2020-08-26,EL.PA,108.66695404052734,111.65150451660156,108.56909942626953,111.65150451660156,102.23222351074219,392585
2020-08-27,EL.PA,111.79828643798828,111.79828643798828,109.79227447509766,110.62403106689453,101.29143524169922,450198
2020-08-28,EL.PA,110.33047485351562,111.2111587524414,108.96051788330078,111.01544952392578,101.64981842041016,610293
2020-08-31,EL.PA,111.70043182373047,112.43433380126953,109.3030014038086,109.69441986083984,100.44024658203125,504295
2020-09-01,EL.PA,110.28154754638672,110.47725677490234,106.66094207763672,107.3459243774414,98.28987884521484,468031
2020-09-02,EL.PA,108.96051788330078,111.40686798095703,107.88411712646484,110.62403106689453,101.29143524169922,589532
2020-09-03,EL.PA,111.50472259521484,113.31501770019531,110.67295837402344,110.72188568115234,101.38102722167969,644547
2020-09-04,EL.PA,109.15621948242188,111.45579528808594,107.54163360595703,108.71588134765625,99.54425811767578,499055
2020-09-07,EL.PA,108.86266326904297,109.74334716796875,108.52017211914062,109.20514678955078,99.99225616455078,358538
2020-09-08,EL.PA,109.4008560180664,109.49871063232422,106.95450592041016,108.66695404052734,99.49946594238281,442915
2020-09-09,EL.PA,108.86266326904297,109.93905639648438,108.324462890625,109.25407409667969,100.03704833984375,312597
2020-09-10,EL.PA,108.61802673339844,110.0858383178711,108.47124481201172,109.59656524658203,100.35063934326172,446689
2020-09-11,EL.PA,110.134765625,110.134765625,108.81373596191406,109.15621948242188,99.94744873046875,456020
2020-09-14,EL.PA,109.64549255371094,110.134765625,108.12875366210938,108.12875366210938,99.00666046142578,480238
2020-09-15,EL.PA,108.3733901977539,109.59656524658203,107.73733520507812,108.52017211914062,99.36505889892578,575309
2020-09-16,EL.PA,108.47124481201172,109.54763793945312,108.12875366210938,109.20514678955078,99.99225616455078,508084
2020-09-17,EL.PA,107.93304443359375,110.33047485351562,107.54163360595703,109.49871063232422,100.26104736328125,649991
2020-09-18,EL.PA,109.44978332519531,111.45579528808594,108.52017211914062,109.64549255371094,100.39544677734375,1658004
2020-09-21,EL.PA,108.76480865478516,109.49871063232422,105.58454895019531,106.12274932861328,97.16989135742188,826561
2020-09-22,EL.PA,106.36737823486328,106.80772399902344,103.87210083007812,103.87210083007812,95.10911560058594,694730
2020-09-23,EL.PA,105.09527587890625,106.41630554199219,104.65493774414062,104.65493774414062,95.82592010498047,595241
2020-09-24,EL.PA,103.7253189086914,106.26952362060547,103.6763916015625,104.36137390136719,95.55712127685547,629414
2020-09-25,EL.PA,104.31244659423828,106.02489471435547,104.11673736572266,106.02489471435547,97.0802993774414,691790
2020-09-28,EL.PA,107.15021514892578,110.57510375976562,106.5630874633789,110.57510375976562,101.24662780761719,714319
2020-09-29,EL.PA,109.74334716796875,113.0214614868164,109.74334716796875,112.9236068725586,103.39701080322266,734536
2020-09-30,EL.PA,112.63004302978516,114.14678192138672,111.35794067382812,113.65750885009766,104.0689926147461,1009120
2020-10-01,EL.PA,114.44034576416016,114.63604736328125,111.65150451660156,112.77682495117188,103.26260375976562,635317
2020-10-02,EL.PA,111.94506072998047,115.95708465576172,111.26008605957031,115.95708465576172,106.17456817626953,984358
2020-10-05,EL.PA,116.8866958618164,117.66952514648438,114.19570922851562,115.27210235595703,105.54737091064453,874450
2020-10-06,EL.PA,114.9785385131836,116.20171356201172,114.58712768554688,115.810302734375,106.04016876220703,505448
2020-10-07,EL.PA,115.61459350585938,117.22918701171875,114.9785385131836,116.98455047607422,107.1153564453125,496771
2020-10-08,EL.PA,117.8163070678711,118.35450744628906,116.73991394042969,118.35450744628906,108.36973571777344,625492
2020-10-09,EL.PA,118.55021667480469,119.43090057373047,117.865234375,118.8927001953125,108.8625259399414,522326
2020-10-12,EL.PA,118.8927001953125,119.38197326660156,117.76737976074219,118.10987091064453,108.14573669433594,554548
2020-10-13,EL.PA,118.01201629638672,118.06094360351562,116.59313201904297,116.8866958618164,107.0257568359375,462880
2020-10-14,EL.PA,116.69098663330078,117.18025970458984,116.0060043334961,116.93562316894531,107.070556640625,431502
2020-10-15,EL.PA,115.90815734863281,115.90815734863281,112.2386245727539,113.31501770019531,103.75540161132812,588945
2020-10-16,EL.PA,114.58712768554688,115.46781158447266,113.90214538574219,113.90214538574219,104.29299926757812,812779
2020-10-19,EL.PA,113.9510726928711,114.92961120605469,107.73733520507812,113.21717071533203,103.66580200195312,272408
2020-10-20,EL.PA,114.19570922851562,116.1038589477539,113.36394500732422,114.44034576416016,104.7857894897461,682000
2020-10-21,EL.PA,114.92961120605469,114.92961120605469,110.1836929321289,111.35794067382812,101.96342468261719,517789
2020-10-22,EL.PA,110.42832946777344,112.53218841552734,109.49871063232422,111.70043182373047,102.27701568603516,627310
2020-10-23,EL.PA,111.1622314453125,114.14678192138672,111.06437683105469,113.21717071533203,103.66580200195312,610490
2020-10-26,EL.PA,111.70043182373047,112.72789764404297,110.47725677490234,110.72188568115234,101.38102722167969,475554
2020-10-27,EL.PA,110.77081298828125,110.81974029541016,108.324462890625,109.00944519042969,99.81304931640625,704068
2020-10-28,EL.PA,106.75879669189453,106.75879669189453,102.79570770263672,104.11673736572266,95.33311462402344,995279
2020-10-29,EL.PA,105.19313049316406,105.78025817871094,102.89356231689453,103.57853698730469,94.8403091430664,690039
2020-10-30,EL.PA,102.35536193847656,104.89956665039062,100.838623046875,103.92102813720703,95.15391540527344,751800
2020-11-02,EL.PA,104.4103012084961,104.99742126464844,102.45321655273438,103.96995544433594,95.19872283935547,820505
2020-11-03,EL.PA,104.70386505126953,105.04634857177734,102.89356231689453,103.87210083007812,95.10911560058594,1244970
2020-11-04,EL.PA,102.35536193847656,106.80772399902344,101.96395111083984,106.41630554199219,97.43869018554688,851878
2020-11-05,EL.PA,106.80772399902344,109.4008560180664,106.75879669189453,109.00944519042969,99.81304931640625,768746
2020-11-06,EL.PA,108.76480865478516,110.96652221679688,108.66695404052734,109.89012908935547,100.61945343017578,700594
2020-11-09,EL.PA,111.1133041381836,120.50729370117188,110.0858383178711,117.9141616821289,107.96654510498047,1722442
2020-11-10,EL.PA,116.7888412475586,120.06695556640625,116.15278625488281,117.42488861083984,107.51854705810547,1387539
2020-11-11,EL.PA,117.42488861083984,118.06094360351562,116.39742279052734,116.8866958618164,107.0257568359375,790468
2020-11-12,EL.PA,116.054931640625,117.13133239746094,114.83175659179688,115.17424774169922,105.45777893066406,812939
2020-11-13,EL.PA,116.25064086914062,116.25064086914062,114.48927307128906,115.0274658203125,105.32337188720703,710777
2020-11-16,EL.PA,115.12532043457031,118.10987091064453,114.53820037841797,115.36995697021484,105.63697814941406,881008
2020-11-17,EL.PA,116.1038589477539,116.8866958618164,114.92961120605469,116.054931640625,106.26416778564453,733274
2020-11-18,EL.PA,115.46781158447266,115.66352081298828,113.90214538574219,113.90214538574219,104.29299926757812,744158
2020-11-19,EL.PA,112.9236068725586,114.09785461425781,111.70043182373047,111.70043182373047,102.27701568603516,927747
2020-11-20,EL.PA,111.1622314453125,113.51072692871094,110.86866760253906,112.87467956542969,103.35221099853516,1082163
2020-11-23,EL.PA,114.0,114.83175659179688,113.31501770019531,114.0,104.38258361816406,654025
2020-11-24,EL.PA,115.0274658203125,118.01201629638672,115.0274658203125,115.46781158447266,105.72657012939453,1344806
2020-11-25,EL.PA,116.0060043334961,116.15278625488281,115.0274658203125,115.95708465576172,106.17456817626953,759615
2020-11-26,EL.PA,116.44635009765625,118.20772552490234,115.8592300415039,118.01201629638672,108.05615234375,443391
2020-11-27,EL.PA,117.96308898925781,119.03948211669922,117.22918701171875,118.35450744628906,108.36973571777344,797000
2020-11-30,EL.PA,117.9141616821289,119.6266098022461,117.52274322509766,118.74591827392578,108.72813415527344,1112237
2020-12-01,EL.PA,120.16480255126953,123.5896987915039,118.8437728881836,123.05149841308594,112.67047119140625,893733
2020-12-02,EL.PA,122.90472412109375,124.95965576171875,122.4643783569336,123.34506225585938,112.93927001953125,847792
2020-12-03,EL.PA,123.19828033447266,124.03004455566406,122.61116027832031,123.540771484375,113.11846923828125,591972
2020-12-04,EL.PA,123.68755340576172,124.07897186279297,123.14935302734375,124.07897186279297,113.61126708984375,516318
2020-12-07,EL.PA,123.88326263427734,124.86180114746094,123.24720764160156,124.81287384033203,114.28325653076172,507778
2020-12-08,EL.PA,124.2746810913086,125.00858306884766,123.73648071289062,124.6171646118164,114.10405731201172,546307
2020-12-09,EL.PA,125.25321960449219,127.79742431640625,125.05751037597656,126.3296127319336,115.67202758789062,762558
2020-12-10,EL.PA,126.13390350341797,126.4274673461914,124.86180114746094,125.74249267578125,115.13443756103516,545380
2020-12-11,EL.PA,125.64463806152344,126.03604888916016,124.5193099975586,125.44892883300781,114.86565399169922,640380
2020-12-14,EL.PA,126.23175811767578,127.3570785522461,126.08497619628906,126.76995849609375,116.07522583007812,452547
2020-12-15,EL.PA,126.86781311035156,127.25922393798828,126.23175811767578,126.4274673461914,115.76163482666016,680797
2020-12-16,EL.PA,127.21029663085938,127.406005859375,126.52532196044922,127.21029663085938,116.4784164428711,547933
2020-12-17,EL.PA,127.50386047363281,127.69956970214844,126.28068542480469,126.28068542480469,115.62723541259766,654301
2020-12-18,EL.PA,126.62317657470703,129.0695343017578,126.57424926757812,127.01459503173828,116.29922485351562,1418309
2020-12-21,EL.PA,124.91072845458984,125.4000015258789,122.95365142822266,123.68755340576172,113.25286865234375,883813
2020-12-22,EL.PA,124.07897186279297,126.08497619628906,123.83433532714844,125.64463806152344,115.04484558105469,414480
2020-12-23,EL.PA,124.6171646118164,125.84033966064453,124.42145538330078,125.35107421875,115.83626556396484,295913
2020-12-24,EL.PA,125.98712158203125,125.98712158203125,125.00858306884766,125.88926696777344,116.3336181640625,74859
2020-12-28,EL.PA,126.72103118896484,126.81888580322266,125.00858306884766,125.54678344726562,116.01713562011719,282767
2020-12-29,EL.PA,125.88926696777344,127.1124496459961,125.74249267578125,126.3785400390625,116.78575134277344,295036
2020-12-30,EL.PA,126.47639465332031,126.62317657470703,125.79141235351562,126.08497619628906,116.51447296142578,265968
2020-12-31,EL.PA,125.35107421875,125.84033966064453,124.81287384033203,124.81287384033203,115.33892822265625,181876
2021-01-04,EL.PA,125.79141235351562,126.62317657470703,125.25321960449219,125.98712158203125,116.42404174804688,495665
2021-01-05,EL.PA,125.98712158203125,126.72103118896484,124.3236083984375,124.66609191894531,115.20330047607422,518546
2021-01-06,EL.PA,124.95965576171875,126.23175811767578,124.17682647705078,125.74249267578125,116.19799041748047,516433
2021-01-07,EL.PA,126.3296127319336,126.47639465332031,124.86180114746094,125.88926696777344,116.3336181640625,467612
2021-01-08,EL.PA,127.16136932373047,128.62918090820312,126.67210388183594,128.0909881591797,118.36821746826172,612519
2021-01-11,EL.PA,127.406005859375,127.89527893066406,125.98712158203125,126.57424926757812,116.96660614013672,519197
2021-01-12,EL.PA,126.72103118896484,127.3570785522461,125.4000015258789,125.74249267578125,116.19799041748047,795204
2021-01-13,EL.PA,125.4000015258789,126.4274673461914,125.00858306884766,125.88926696777344,116.3336181640625,484581
2021-01-14,EL.PA,126.18283081054688,126.3785400390625,123.4918441772461,123.78540802001953,114.38945007324219,589317
2021-01-15,EL.PA,122.66008758544922,123.00257873535156,120.45836639404297,121.38798522949219,112.17400360107422,653405
2021-01-18,EL.PA,120.80085754394531,122.70901489257812,120.55622100830078,122.36652374267578,113.07826232910156,409670
2021-01-19,EL.PA,121.33905792236328,122.66008758544922,120.11587524414062,120.45836639404297,111.31494140625,537020
2021-01-20,EL.PA,120.94763946533203,122.41545104980469,120.60514831542969,121.82832336425781,112.58092498779297,544108
2021-01-21,EL.PA,122.12188720703125,122.5622329711914,119.92017364501953,119.96910095214844,110.8628158569336,432034
2021-01-22,EL.PA,119.47982788085938,120.31158447265625,118.35450744628906,119.87124633789062,110.77239990234375,406255
2021-01-25,EL.PA,119.87124633789062,120.06695556640625,117.57167053222656,117.96308898925781,109.00907897949219,503924
2021-01-26,EL.PA,118.10987091064453,118.8927001953125,117.57167053222656,118.10987091064453,109.14471435546875,453544
2021-01-27,EL.PA,118.06094360351562,118.79484558105469,114.78282928466797,115.810302734375,107.01969909667969,836586
2021-01-28,EL.PA,115.12532043457031,115.8592300415039,113.90214538574219,115.36995697021484,106.61277770996094,914514
2021-01-29,EL.PA,114.24463653564453,116.1038589477539,113.9510726928711,114.48927307128906,105.79894256591797,1080922
2021-02-01,EL.PA,115.61459350585938,118.45236206054688,115.12532043457031,117.9141616821289,108.9638671875,681099
2021-02-02,EL.PA,118.50128936767578,121.19227600097656,118.20772552490234,120.40943908691406,111.26973724365234,718559
2021-02-03,EL.PA,121.82832336425781,122.31759643554688,118.8927001953125,118.8927001953125,109.86812591552734,496605
2021-02-04,EL.PA,118.8927001953125,123.78540802001953,118.6969985961914,123.10042572021484,113.75646209716797,727115
2021-02-05,EL.PA,123.10042572021484,125.98712158203125,122.80686950683594,125.98712158203125,116.42404174804688,764698
2021-02-08,EL.PA,125.74249267578125,129.0695343017578,125.59571075439453,128.1888427734375,118.45863342285156,929704
2021-02-09,EL.PA,128.1888427734375,130.73304748535156,127.74849700927734,130.3416290283203,120.4480209350586,488605
2021-02-10,EL.PA,130.3416290283203,130.73304748535156,128.72703552246094,129.21630859375,119.40812683105469,444875
2021-02-11,EL.PA,129.1184539794922,130.3416290283203,128.5313262939453,129.3630828857422,119.54373931884766,503683
2021-02-12,EL.PA,129.80343627929688,134.2068634033203,129.70558166503906,133.9622344970703,123.7938003540039,768735
2021-02-15,EL.PA,135.136474609375,135.52789306640625,133.27725219726562,133.7665252685547,123.61294555664062,635066
2021-02-16,EL.PA,133.57081604003906,137.19142150878906,133.13047790527344,136.99571228027344,126.59701538085938,589800
2021-02-17,EL.PA,135.08755493164062,135.08755493164062,133.22833251953125,134.0111541748047,123.83901977539062,673378
2021-02-18,EL.PA,134.06008911132812,136.6042938232422,133.71759033203125,134.50042724609375,124.29114532470703,475758
2021-02-19,EL.PA,134.891845703125,135.28326416015625,133.4240264892578,133.52188110351562,123.38687133789062,571221
2021-02-22,EL.PA,132.7390594482422,134.25579833984375,132.0540771484375,134.0111541748047,123.83901977539062,356771
2021-02-23,EL.PA,133.57081604003906,134.1090087890625,132.3965606689453,133.52188110351562,123.38687133789062,446901
2021-02-24,EL.PA,133.08154296875,134.06008911132812,132.59226989746094,134.0111541748047,123.83901977539062,413086
2021-02-25,EL.PA,134.5493621826172,135.52789306640625,132.00515747070312,132.00515747070312,121.98528289794922,696929
2021-02-26,EL.PA,130.2437744140625,132.9347686767578,129.9991455078125,132.10299682617188,122.07569122314453,976590
2021-03-01,EL.PA,133.4240264892578,134.5493621826172,132.8369140625,133.61973571777344,123.477294921875,415827
2021-03-02,EL.PA,132.88583374023438,134.7450714111328,132.3965606689453,133.37510681152344,123.25122833251953,394927
2021-03-03,EL.PA,134.50042724609375,134.50042724609375,131.271240234375,131.46694946289062,121.48792266845703,748515
2021-03-04,EL.PA,130.97767639160156,131.56480407714844,130.68411254882812,131.1244659423828,121.17144775390625,603890
2021-03-05,EL.PA,130.43948364257812,131.9562225341797,129.65664672851562,130.53733825683594,120.62887573242188,674234
2021-03-08,EL.PA,131.61373901367188,134.40257263183594,131.026611328125,134.2068634033203,124.01985168457031,527120
2021-03-09,EL.PA,134.5493621826172,135.0386199951172,133.71759033203125,134.2068634033203,124.01985168457031,539299
2021-03-10,EL.PA,134.0111541748047,135.5768280029297,133.9622344970703,134.84291076660156,124.6076431274414,557855
2021-03-11,EL.PA,135.5768280029297,138.512451171875,135.136474609375,138.26780700683594,127.77256774902344,575134
2021-03-12,EL.PA,137.53390502929688,139.73562622070312,136.65321350097656,136.75106811523438,126.3709487915039,670237
2021-03-15,EL.PA,137.28927612304688,138.6592254638672,135.33218383789062,136.40858459472656,126.0544662475586,461470
2021-03-16,EL.PA,136.40858459472656,136.65321350097656,133.1793975830078,133.9622344970703,123.7938003540039,625331
2021-03-17,EL.PA,133.81544494628906,133.9622344970703,131.66265869140625,131.66265869140625,121.66876220703125,577125
2021-03-18,EL.PA,131.8094482421875,131.9562225341797,130.48841857910156,130.78196716308594,120.85492706298828,731381
2021-03-19,EL.PA,129.9012908935547,130.58627319335938,128.62918090820312,128.72703552246094,118.95598602294922,1455330
2021-03-22,EL.PA,128.48240661621094,128.62918090820312,126.18283081054688,126.86781311035156,117.23788452148438,740257
2021-03-23,EL.PA,126.3785400390625,132.0540771484375,126.3296127319336,128.92274475097656,119.1368408203125,934414
2021-03-24,EL.PA,128.1888427734375,131.41802978515625,127.406005859375,130.73304748535156,120.80973052978516,866854
2021-03-25,EL.PA,130.0970001220703,133.13047790527344,129.65664672851562,132.78797912597656,122.70867156982422,623245
2021-03-26,EL.PA,133.81544494628906,134.891845703125,132.1519317626953,132.9836883544922,122.88953399658203,621995
2021-03-29,EL.PA,133.27725219726562,134.94076538085938,132.78797912597656,134.45150756835938,124.24593353271484,514147
2021-03-30,EL.PA,134.5493621826172,135.62574768066406,133.8643798828125,135.0386199951172,124.78846740722656,464078
2021-03-31,EL.PA,135.0386199951172,136.1639404296875,135.0386199951172,135.87039184570312,125.55712127685547,640524
2021-04-01,EL.PA,136.8000030517578,136.8000030517578,134.35365295410156,135.46917724609375,125.18637084960938,490201
2021-04-06,EL.PA,136.50643920898438,136.6630096435547,134.647216796875,135.07777404785156,124.82466125488281,520101
2021-04-07,EL.PA,135.11691284179688,135.3517608642578,133.31639099121094,133.39468383789062,123.26933288574219,523079
2021-04-08,EL.PA,133.06198120117188,134.4710693359375,132.88583374023438,133.41424560546875,123.28741455078125,458970
2021-04-09,EL.PA,133.45338439941406,134.19708251953125,132.78797912597656,134.15794372558594,123.97464752197266,310566
2021-04-12,EL.PA,134.19708251953125,136.42816162109375,133.59039306640625,136.15415954589844,125.81935119628906,449784
2021-04-13,EL.PA,135.62574768066406,135.84103393554688,134.0209503173828,134.60806274414062,124.39061737060547,463597
2021-04-14,EL.PA,135.05819702148438,135.56703186035156,134.06008911132812,135.2343292236328,124.9693374633789,306764
2021-04-15,EL.PA,135.50833129882812,137.17184448242188,135.2930450439453,136.83914184570312,126.45234680175781,467136
2021-04-16,EL.PA,136.72171020507812,136.91741943359375,135.48875427246094,136.09544372558594,125.76508331298828,498980
2021-04-19,EL.PA,135.99758911132812,137.58282470703125,135.860595703125,136.5260009765625,126.1629867553711,385749
2021-04-20,EL.PA,136.56515502929688,136.78042602539062,134.94076538085938,136.17373657226562,125.83744049072266,568266
2021-04-21,EL.PA,136.0367431640625,139.10935974121094,135.17562866210938,138.150390625,127.66405487060547,418879
2021-04-22,EL.PA,138.46351623535156,140.02919006347656,138.42437744140625,139.55947875976562,128.96620178222656,383038
2021-04-23,EL.PA,139.77476501464844,140.02919006347656,136.95657348632812,137.8763885498047,127.4108657836914,433122
2021-04-26,EL.PA,137.81768798828125,137.9742431640625,136.7021484375,137.3284149169922,126.90447235107422,324947
2021-04-27,EL.PA,137.50454711914062,137.60240173339844,135.2930450439453,136.6238555908203,126.25337982177734,523929
2021-04-28,EL.PA,136.89785766601562,138.32652282714844,136.7608642578125,138.16995239257812,127.68212127685547,364435
2021-04-29,EL.PA,138.46351623535156,138.6983642578125,137.2501220703125,138.22866821289062,127.73640441894531,389240
2021-04-30,EL.PA,138.36566162109375,138.52223205566406,135.11691284179688,135.43003845214844,125.15019226074219,457683
2021-05-03,EL.PA,135.43003845214844,136.46730041503906,134.06008911132812,136.36944580078125,126.01829528808594,246781
2021-05-04,EL.PA,136.29115295410156,137.44583129882812,134.76463317871094,135.01905822753906,124.77041625976562,449478
2021-05-05,EL.PA,135.3517608642578,136.5455780029297,134.7450714111328,136.05630493164062,125.72892761230469,477110
2021-05-06,EL.PA,136.99571228027344,138.6005096435547,134.82334899902344,136.27159118652344,125.92786407470703,447137
2021-05-07,EL.PA,136.91741943359375,137.68067932128906,136.0367431640625,137.68067932128906,127.22999572753906,392688
2021-05-10,EL.PA,138.11123657226562,138.28738403320312,136.44772338867188,136.8587188720703,126.47042846679688,369452
2021-05-11,EL.PA,135.1951904296875,135.7627410888672,133.57081604003906,134.94076538085938,124.69807434082031,721188
2021-05-12,EL.PA,133.60995483398438,135.48875427246094,133.60995483398438,134.99948120117188,124.75231170654297,485290
2021-05-13,EL.PA,134.04051208496094,135.56703186035156,132.3965606689453,135.17562866210938,124.91508483886719,336726
2021-05-14,EL.PA,136.36944580078125,136.87828063964844,135.62574768066406,136.87828063964844,126.488525390625,312886
2021-05-17,EL.PA,136.99571228027344,138.1308135986328,136.56515502929688,137.17184448242188,126.7597885131836,259015
2021-05-18,EL.PA,137.89596557617188,138.89407348632812,136.91741943359375,137.13270568847656,126.72362518310547,414895
2021-05-19,EL.PA,136.0758819580078,136.17373657226562,133.21853637695312,134.45150756835938,124.24593353271484,520032
2021-05-20,EL.PA,134.4710693359375,138.1308135986328,134.4710693359375,138.01339721679688,127.53746795654297,614557
2021-05-21,EL.PA,138.20909118652344,139.87261962890625,138.0720977783203,139.4420623779297,128.85768127441406,546972
2021-05-24,EL.PA,139.5790557861328,140.06832885742188,139.3833465576172,139.61819458007812,129.0204315185547,189258
2021-05-25,EL.PA,139.55947875976562,139.55947875976562,137.79811096191406,138.16995239257812,127.68212127685547,523383
2021-05-26,EL.PA,138.7766571044922,140.1857452392578,138.52223205566406,139.93133544921875,129.30979919433594,386363
2021-05-27,EL.PA,139.6377716064453,140.49888610839844,137.70025634765625,139.481201171875,128.89382934570312,2028970
2021-05-28,EL.PA,138.87451171875,139.55947875976562,136.91741943359375,139.5203399658203,129.93612670898438,676205
2021-05-31,EL.PA,139.24635314941406,140.1857452392578,138.58094787597656,138.83535766601562,129.2981719970703,352258
2021-06-01,EL.PA,139.75518798828125,140.38145446777344,138.58094787597656,138.9136505126953,129.37110900878906,430653
2021-06-02,EL.PA,138.032958984375,140.57716369628906,137.79811096191406,140.57716369628906,130.9203338623047,524587
2021-06-03,EL.PA,140.34231567382812,141.4382781982422,139.07022094726562,141.04685974121094,131.35777282714844,422124
2021-06-04,EL.PA,141.20343017578125,141.20343017578125,140.1661834716797,140.65545654296875,130.99325561523438,299710
2021-06-07,EL.PA,140.73373413085938,142.84738159179688,140.57716369628906,142.45596313476562,132.6700897216797,420630
2021-06-08,EL.PA,142.78866577148438,144.78489685058594,142.4755401611328,143.8063507080078,133.92770385742188,511942
2021-06-09,EL.PA,143.88462829589844,144.4326171875,143.25836181640625,143.25836181640625,133.4173583984375,400798
2021-06-10,EL.PA,143.68893432617188,143.90420532226562,142.14283752441406,143.18008422851562,133.34445190429688,374519
2021-06-11,EL.PA,143.7280731201172,146.62454223632812,143.5519256591797,145.23501586914062,135.25823974609375,547414
2021-06-14,EL.PA,145.2154541015625,146.37013244628906,144.82403564453125,145.3133087158203,135.3311309814453,370333
2021-06-15,EL.PA,145.74386596679688,146.0374298095703,144.78489685058594,144.78489685058594,134.83901977539062,367611
2021-06-16,EL.PA,145.23501586914062,145.33287048339844,144.11949157714844,144.82403564453125,134.87548828125,408151
2021-06-17,EL.PA,144.51089477539062,146.05699157714844,144.08033752441406,146.05699157714844,136.0237274169922,440655
2021-06-18,EL.PA,145.99827575683594,148.79690551757812,145.45030212402344,146.27227783203125,136.22422790527344,865227
2021-06-21,EL.PA,145.2154541015625,147.1725311279297,144.4521942138672,147.1725311279297,137.06265258789062,335750
2021-06-22,EL.PA,146.91810607910156,146.99639892578125,144.02163696289062,146.80068969726562,136.7163543701172,585643
2021-06-23,EL.PA,148.73818969726562,150.7931365966797,146.82025146484375,149.67759704589844,139.3956298828125,595427
2021-06-24,EL.PA,150.63656616210938,153.27862548828125,150.36257934570312,152.0652313232422,141.61924743652344,753613
2021-06-25,EL.PA,152.2413787841797,152.80892944335938,151.75210571289062,152.1826629638672,141.72860717773438,346066
2021-06-28,EL.PA,151.83038330078125,152.7306365966797,151.26283264160156,151.28240966796875,140.89019775390625,349429
2021-06-29,EL.PA,151.4976806640625,152.8480682373047,151.32154846191406,152.2413787841797,141.78329467773438,368119
2021-06-30,EL.PA,152.9067840576172,154.51158142089844,152.30007934570312,152.30007934570312,141.8379669189453,704155
2021-07-01,EL.PA,153.16119384765625,153.68960571289062,148.7186279296875,149.69717407226562,139.4138641357422,575651
2021-07-02,EL.PA,150.1472930908203,150.7735595703125,148.6011962890625,149.16876220703125,138.9217529296875,511111
2021-07-05,EL.PA,148.95347595214844,149.52102661132812,148.44464111328125,149.11004638671875,138.8670654296875,304192
2021-07-06,EL.PA,148.8164825439453,149.03175354003906,147.50523376464844,148.34678649902344,138.15623474121094,498547
2021-07-07,EL.PA,148.8751983642578,151.84996032714844,148.85562133789062,151.84996032714844,141.4187469482422,569179
2021-07-08,EL.PA,150.7931365966797,150.9301300048828,148.0923614501953,149.52102661132812,139.2498321533203,657765
2021-07-09,EL.PA,149.85372924804688,151.77166748046875,149.4427490234375,151.02798461914062,140.65325927734375,447124
2021-07-12,EL.PA,150.6757049560547,153.16119384765625,150.1277313232422,152.9654998779297,142.4576873779297,333299
2021-07-13,EL.PA,153.29820251464844,154.70729064941406,153.29820251464844,154.00274658203125,143.4236602783203,461834
2021-07-14,EL.PA,153.43519592285156,154.33544921875,152.57408142089844,154.10060119628906,143.5148162841797,387030
2021-07-15,EL.PA,153.1024932861328,153.59176635742188,150.57785034179688,150.7344207763672,140.3798370361328,419373
2021-07-16,EL.PA,150.9888458251953,151.67381286621094,147.91622924804688,148.97305297851562,138.73947143554688,524958
2021-07-19,EL.PA,147.7792205810547,147.7792205810547,143.591064453125,145.39158630371094,135.404052734375,653973
2021-07-20,EL.PA,146.5462646484375,147.9749298095703,145.3133087158203,146.42884826660156,136.37005615234375,474111
2021-07-21,EL.PA,147.54437255859375,148.659912109375,146.27227783203125,148.659912109375,138.44784545898438,507524
2021-07-22,EL.PA,148.8164825439453,150.59742736816406,148.79690551757812,149.99072265625,139.68724060058594,309736
2021-07-23,EL.PA,150.59742736816406,152.47622680664062,149.81459045410156,151.79124450683594,141.36407470703125,372323
2021-07-26,EL.PA,150.69528198242188,151.4781036376953,150.0494384765625,150.59742736816406,140.2522735595703,267105
2021-07-27,EL.PA,149.46231079101562,151.12583923339844,149.01219177246094,149.65802001953125,139.37738037109375,338077
2021-07-28,EL.PA,149.71673583984375,151.16497802734375,148.99261474609375,150.0885772705078,139.7783660888672,290711
2021-07-29,EL.PA,149.4818878173828,151.4585418701172,149.4818878173828,150.65614318847656,140.3069610595703,282170
2021-07-30,EL.PA,151.18455505371094,158.38661193847656,150.94969177246094,155.7445526123047,145.0458221435547,843541
2021-08-02,EL.PA,156.6643829345703,161.00909423828125,156.6643829345703,160.48068237304688,149.4565887451172,543321
2021-08-03,EL.PA,160.48068237304688,163.80772399902344,160.42196655273438,162.59432983398438,151.425048828125,508269
2021-08-04,EL.PA,163.27931213378906,163.6120147705078,161.73321533203125,162.6334686279297,151.46151733398438,544107
2021-08-05,EL.PA,163.08360290527344,164.1991424560547,162.6334686279297,162.6334686279297,151.46151733398438,335794
2021-08-06,EL.PA,162.61390686035156,163.84686279296875,161.9680633544922,162.3399200439453,151.18812561035156,359253
2021-08-09,EL.PA,162.53562927246094,163.02488708496094,161.81150817871094,162.53562927246094,151.37037658691406,208495
2021-08-10,EL.PA,162.43777465820312,163.12274169921875,159.3455810546875,159.65870666503906,148.6910858154297,358427
2021-08-11,EL.PA,159.69786071777344,160.24583435058594,158.99330139160156,159.71742248535156,148.74578857421875,273061
2021-08-12,EL.PA,159.48257446289062,160.61767578125,159.3847198486328,160.38282775878906,149.36549377441406,356685
2021-08-13,EL.PA,160.26541137695312,162.51605224609375,160.26541137695312,161.38095092773438,150.29501342773438,279943
2021-08-16,EL.PA,160.59811401367188,160.61767578125,159.11073303222656,159.65870666503906,148.6910858154297,240715
2021-08-17,EL.PA,158.89544677734375,160.81338500976562,158.7193145751953,160.40240478515625,149.38369750976562,284757
2021-08-18,EL.PA,159.52171325683594,160.8329620361328,158.85630798339844,158.85630798339844,147.94381713867188,406334
2021-08-19,EL.PA,157.64291381835938,157.64291381835938,154.04188537597656,156.6056671142578,145.8477783203125,680047
2021-08-20,EL.PA,156.9579315185547,157.62335205078125,155.35313415527344,157.1340789794922,146.3398895263672,318143
2021-08-23,EL.PA,158.6214599609375,159.87399291992188,157.8973388671875,159.26730346679688,148.3265838623047,345101
2021-08-24,EL.PA,159.9131317138672,160.34368896484375,157.23193359375,158.0539093017578,147.196533203125,302110
2021-08-25,EL.PA,158.15176391601562,158.562744140625,157.70162963867188,158.38661193847656,147.5063934326172,274480
2021-08-26,EL.PA,157.64291381835938,157.7799072265625,156.2925262451172,157.62335205078125,146.79556274414062,253282
2021-08-27,EL.PA,156.91879272460938,158.562744140625,155.86196899414062,158.562744140625,147.67041015625,266103
2021-08-30,EL.PA,158.7388916015625,159.16944885253906,158.36703491210938,158.97373962402344,148.0531768798828,173961
2021-08-31,EL.PA,159.8544158935547,162.6921844482422,159.07159423828125,162.6921844482422,151.51617431640625,1056357
2021-09-01,EL.PA,163.27931213378906,164.88412475585938,163.04446411132812,163.90557861328125,152.646240234375,448470
2021-09-02,EL.PA,164.2578582763672,165.82351684570312,163.3575897216797,165.27554321289062,153.9220733642578,409656
2021-09-03,EL.PA,165.60824584960938,165.60824584960938,161.5570831298828,162.8878936767578,151.69845581054688,439558
2021-09-06,EL.PA,163.24017333984375,165.99964904785156,163.24017333984375,165.4712371826172,154.10433959960938,234149
2021-09-07,EL.PA,165.4712371826172,167.21304321289062,165.0211181640625,165.51039123535156,154.14080810546875,439732
2021-09-08,EL.PA,164.74713134765625,167.36961364746094,164.06214904785156,166.05836486816406,154.65113830566406,506910
2021-09-09,EL.PA,165.0015411376953,167.741455078125,164.12086486816406,166.72377014160156,155.2708282470703,382994
2021-09-10,EL.PA,166.93905639648438,169.48326110839844,166.27365112304688,166.70420837402344,155.2526092529297,359442
2021-09-13,EL.PA,167.21304321289062,168.38729858398438,165.60824584960938,165.803955078125,154.41421508789062,326807
2021-09-14,EL.PA,165.7256622314453,167.0956268310547,165.0602569580078,166.52806091308594,155.08856201171875,303839
2021-09-15,EL.PA,166.4693603515625,167.7023162841797,165.43209838867188,165.4712371826172,154.10433959960938,451310
2021-09-16,EL.PA,166.13665771484375,168.64170837402344,166.01922607421875,167.50660705566406,155.99989318847656,504953
2021-09-17,EL.PA,169.48326110839844,170.16824340820312,165.8430938720703,166.64549255371094,155.19793701171875,924225
2021-09-20,EL.PA,163.20103454589844,165.41253662109375,162.9466094970703,165.1776885986328,153.83096313476562,592762
2021-09-21,EL.PA,165.99964904785156,169.1309814453125,165.7256622314453,168.19158935546875,156.6378173828125,582200
2021-09-22,EL.PA,169.2288360595703,170.24652099609375,167.7023162841797,168.3090057373047,156.74716186523438,414121
2021-09-23,EL.PA,169.42454528808594,170.5400848388672,168.85699462890625,169.99209594726562,158.31463623046875,401427
2021-09-24,EL.PA,169.11141967773438,169.11141967773438,165.33424377441406,165.82351684570312,154.4324188232422,428035
2021-09-27,EL.PA,166.3910675048828,167.15432739257812,164.62969970703125,164.62969970703125,153.32061767578125,486433
2021-09-28,EL.PA,164.2969970703125,164.68841552734375,160.0501251220703,160.50025939941406,149.474853515625,753974
2021-09-29,EL.PA,162.0267791748047,165.51039123535156,161.98764038085938,163.82730102539062,152.57333374023438,598020
2021-09-30,EL.PA,165.04067993164062,166.293212890625,161.94850158691406,161.94850158691406,150.82359313964844,883403
2021-10-01,EL.PA,159.9914093017578,164.1795654296875,158.5236053466797,163.4750213623047,152.24525451660156,655386
2021-10-04,EL.PA,161.71365356445312,164.8645477294922,161.12652587890625,162.55519104003906,151.38861083984375,607817
2021-10-05,EL.PA,162.43777465820312,164.76669311523438,162.30076599121094,164.37527465820312,153.0836639404297,526837
2021-10-06,EL.PA,161.85064697265625,162.2420654296875,159.01287841796875,161.53750610351562,150.44082641601562,619358
2021-10-07,EL.PA,161.4396514892578,163.80772399902344,161.20480346679688,163.4554443359375,152.22702026367188,589971
2021-10-08,EL.PA,163.20103454589844,164.16000366210938,160.14797973632812,160.14797973632812,149.14675903320312,581315
2021-10-11,EL.PA,160.30455017089844,160.30455017089844,153.86575317382812,156.52737426757812,145.77487182617188,608858
2021-10-12,EL.PA,154.80514526367188,157.34934997558594,154.70729064941406,155.97940063476562,145.2645263671875,338728
2021-10-13,EL.PA,156.37081909179688,157.9169158935547,155.33355712890625,157.46678161621094,146.64974975585938,394101
2021-10-14,EL.PA,158.5236053466797,158.81716918945312,156.6643829345703,157.3885040283203,146.5768280029297,517766
2021-10-15,EL.PA,156.78179931640625,161.90936279296875,156.15553283691406,161.3026580810547,150.22210693359375,718440
2021-10-18,EL.PA,160.91123962402344,163.65115356445312,160.38282775878906,163.4163055419922,152.19056701660156,545082
2021-10-19,EL.PA,163.4163055419922,164.82540893554688,162.7509002685547,164.355712890625,153.06546020507812,382579
2021-10-20,EL.PA,163.6707305908203,165.25596618652344,163.08360290527344,165.13853454589844,153.79449462890625,487285
2021-10-21,EL.PA,164.3361358642578,166.5084991455078,164.16000366210938,166.05836486816406,154.65113830566406,355664
2021-10-22,EL.PA,166.293212890625,168.28944396972656,166.15621948242188,167.7610321044922,156.23684692382812,466940
2021-10-25,EL.PA,167.8980255126953,169.05270385742188,167.27175903320312,167.27175903320312,155.7811737060547,568958
2021-10-26,EL.PA,167.8393096923828,169.2875518798828,166.60635375976562,168.93527221679688,157.3303985595703,507236
2021-10-27,EL.PA,167.93716430664062,169.26797485351562,166.11708068847656,166.27365112304688,154.8516387939453,404786
2021-10-28,EL.PA,165.99964904785156,169.9725341796875,165.98008728027344,169.1505584716797,157.53091430664062,556677
2021-10-29,EL.PA,172.0274658203125,175.25665283203125,170.83364868164062,175.06094360351562,163.0352783203125,982973
2021-11-01,EL.PA,176.13734436035156,180.09063720703125,175.88291931152344,179.8362274169922,167.4825439453125,561297
2021-11-02,EL.PA,180.16893005371094,182.00857543945312,179.6600799560547,180.77561950683594,168.35740661621094,565435
2021-11-03,EL.PA,180.89305114746094,184.45494079589844,180.40377807617188,184.45494079589844,171.7839813232422,544175
2021-11-04,EL.PA,185.06163024902344,185.5509033203125,181.65631103515625,185.12034606933594,172.40367126464844,640978
2021-11-05,EL.PA,185.609619140625,186.7251434326172,182.713134765625,183.82867431640625,171.20071411132812,641157
2021-11-08,EL.PA,183.30026245117188,184.49407958984375,181.4214630126953,183.78952026367188,171.16427612304688,292436
2021-11-09,EL.PA,183.20240783691406,183.96566772460938,180.67776489257812,180.67776489257812,168.26626586914062,553240
2021-11-10,EL.PA,180.12979125976562,180.99090576171875,177.25286865234375,178.4662628173828,166.2066650390625,536759
2021-11-11,EL.PA,177.644287109375,178.4467010498047,176.8223114013672,177.62472534179688,165.42294311523438,485209
2021-11-12,EL.PA,177.89871215820312,180.09063720703125,177.38987731933594,179.1708221435547,166.8628387451172,506228
2021-11-15,EL.PA,179.48394775390625,180.658203125,177.6051483154297,180.5211944580078,168.12045288085938,606556
2021-11-16,EL.PA,181.34317016601562,184.1417999267578,180.61904907226562,184.0048065185547,171.36477661132812,578956
2021-11-17,EL.PA,183.96566772460938,184.47450256347656,182.94798278808594,184.1222381591797,171.47412109375,552812
2021-11-18,EL.PA,184.29837036132812,189.30850219726562,184.1222381591797,189.0149383544922,176.03073120117188,809248
2021-11-19,EL.PA,189.34764099121094,190.81544494628906,187.17527770996094,189.2106475830078,176.21299743652344,974393
2021-11-22,EL.PA,189.7586212158203,190.71759033203125,188.3690948486328,188.72137451171875,175.75733947753906,589869
2021-11-23,EL.PA,187.29270935058594,187.547119140625,183.04583740234375,183.12411499023438,170.54457092285156,514829
2021-11-24,EL.PA,183.12411499023438,185.62918090820312,182.51742553710938,184.1026611328125,171.45590209960938,439365
2021-11-25,EL.PA,184.6114959716797,185.3356170654297,182.595703125,184.39622497558594,171.72927856445312,329908
2021-11-26,EL.PA,177.89871215820312,179.44480895996094,173.78883361816406,175.04136657714844,163.01705932617188,980567
2021-11-29,EL.PA,176.2938995361328,179.79708862304688,175.471923828125,176.50918579101562,164.384033203125,841125
2021-11-30,EL.PA,173.20172119140625,174.64996337890625,171.2642059326172,173.22128295898438,161.32200622558594,1706930
2021-12-01,EL.PA,174.47381591796875,178.60325622558594,172.49716186523438,177.7421417236328,165.5323028564453,567124
2021-12-02,EL.PA,175.84378051757812,177.33116149902344,173.14300537109375,173.73013305664062,161.7958984375,632031
2021-12-03,EL.PA,174.61080932617188,175.96119689941406,171.55776977539062,173.20172119140625,161.3037872314453,703938
2021-12-06,EL.PA,174.66952514648438,177.0963134765625,173.08428955078125,175.25665283203125,163.21755981445312,535999
2021-12-07,EL.PA,176.66575622558594,182.43914794921875,176.66575622558594,182.16514587402344,169.65147399902344,760537
2021-12-08,EL.PA,182.00857543945312,183.75038146972656,180.18849182128906,180.18849182128906,167.8106231689453,423720
2021-12-09,EL.PA,180.77561950683594,181.79330444335938,179.60137939453125,181.79330444335938,169.30519104003906,393054
2021-12-10,EL.PA,180.05149841308594,182.4978485107422,179.22952270507812,181.1670379638672,168.72193908691406,338418
2021-12-13,EL.PA,181.44102478027344,182.90884399414062,178.29013061523438,179.07296752929688,166.77171325683594,380447
2021-12-14,EL.PA,179.40567016601562,180.24720764160156,175.72634887695312,176.2547607421875,164.14707946777344,444045
2021-12-15,EL.PA,177.35072326660156,178.6424102783203,176.56790161132812,178.34884643554688,166.0973358154297,397534
2021-12-16,EL.PA,181.46060180664062,182.00857543945312,178.5249786376953,180.36463928222656,167.97463989257812,748418
2021-12-17,EL.PA,179.36651611328125,181.81288146972656,174.7086639404297,176.48960876464844,164.36582946777344,1000496
2021-12-20,EL.PA,172.086181640625,176.62660217285156,170.93150329589844,176.2743377685547,164.16534423828125,505251
2021-12-21,EL.PA,178.3879852294922,179.50352478027344,175.6284942626953,177.89871215820312,165.67811584472656,339560
2021-12-22,EL.PA,178.89682006835938,181.59759521484375,177.1941680908203,181.53887939453125,169.06822204589844,350514
2021-12-23,EL.PA,182.1455841064453,182.96755981445312,180.30592346191406,182.22386169433594,169.70614624023438,304581
2021-12-24,EL.PA,182.28257751464844,182.98712158203125,180.93218994140625,180.93218994140625,168.5032196044922,75441
2021-12-27,EL.PA,180.18849182128906,182.20428466796875,178.5445556640625,182.0281524658203,169.5238800048828,207146
2021-12-28,EL.PA,182.00857543945312,183.73081970214844,181.65631103515625,183.73081970214844,171.10960388183594,197463
2021-12-29,EL.PA,183.5351104736328,184.59193420410156,182.00857543945312,183.18283081054688,170.5992431640625,199806
2021-12-30,EL.PA,183.08497619628906,184.1417999267578,182.32171630859375,183.61338806152344,171.00021362304688,294988
2021-12-31,EL.PA,183.20240783691406,184.29837036132812,183.00669860839844,183.2219696044922,170.63571166992188,84653
2022-01-03,EL.PA,184.2005157470703,185.27691650390625,182.79141235351562,183.1632537841797,170.5810089111328,270830
2022-01-04,EL.PA,184.31793212890625,188.271240234375,184.2592315673828,186.41201782226562,173.6066131591797,408792
2022-01-05,EL.PA,186.41201782226562,188.25167846679688,185.29647827148438,187.86026000976562,174.95538330078125,358838
2022-01-06,EL.PA,185.68789672851562,185.68789672851562,178.5836944580078,178.81854248046875,166.53475952148438,545182
2022-01-07,EL.PA,178.09442138671875,178.5249786376953,172.1840362548828,173.3582763671875,161.4495849609375,669814
2022-01-10,EL.PA,175.27622985839844,176.05905151367188,170.6183624267578,170.6183624267578,158.89788818359375,661245
2022-01-11,EL.PA,173.20172119140625,175.23707580566406,171.22506713867188,171.55776977539062,159.77276611328125,662473
2022-01-12,EL.PA,173.61270141601562,173.6909942626953,170.14866638183594,171.00978088378906,159.26242065429688,632432
2022-01-13,EL.PA,170.5205078125,170.6966552734375,168.0154571533203,169.60069274902344,157.9501190185547,528566
2022-01-14,EL.PA,168.26986694335938,168.26986694335938,166.27365112304688,166.95863342285156,155.48956298828125,521682
2022-01-17,EL.PA,167.6436004638672,171.49905395507812,166.80206298828125,170.26609802246094,158.56980895996094,380003
2022-01-18,EL.PA,169.913818359375,169.913818359375,166.80206298828125,168.4264373779297,156.85655212402344,459722
2022-01-19,EL.PA,168.3090057373047,173.4169921875,168.0154571533203,170.81407165527344,159.08016967773438,697483
2022-01-20,EL.PA,171.24462890625,173.5735626220703,169.36582946777344,172.8494415283203,160.97569274902344,509332
2022-01-21,EL.PA,170.24652099609375,171.77304077148438,168.77871704101562,169.8746795654297,158.20530700683594,529779
2022-01-24,EL.PA,168.73956298828125,169.79638671875,163.0053253173828,163.631591796875,152.3910675048828,765652
2022-01-25,EL.PA,165.19725036621094,165.5299530029297,161.5570831298828,162.907470703125,151.71669006347656,564124
2022-01-26,EL.PA,163.78814697265625,166.33236694335938,163.37716674804688,164.78627014160156,153.4664306640625,524265
2022-01-27,EL.PA,160.6763916015625,164.8058319091797,160.48068237304688,164.37527465820312,153.0836639404297,523659
2022-01-28,EL.PA,164.37527465820312,165.7256622314453,158.0147705078125,162.43777465820312,151.2792510986328,1010017
2022-01-31,EL.PA,163.49459838867188,165.25596618652344,161.65493774414062,163.24017333984375,152.02655029296875,646941
2022-02-01,EL.PA,164.49270629882812,169.62025451660156,164.41441345214844,169.36582946777344,157.7313995361328,774020
2022-02-02,EL.PA,171.00978088378906,174.8065185546875,170.10952758789062,172.55587768554688,160.7023162841797,751382
2022-02-03,EL.PA,172.61459350585938,174.1802520751953,168.21115112304688,168.21115112304688,156.65602111816406,698966
2022-02-04,EL.PA,168.21115112304688,170.55966186523438,167.2913360595703,168.23072814941406,156.6742706298828,691091
2022-02-07,EL.PA,169.0331268310547,171.89047241210938,168.03501892089844,170.03125,158.3511199951172,509884
2022-02-08,EL.PA,170.34437561035156,172.63417053222656,168.93527221679688,170.32479858398438,158.62448120117188,591648
2022-02-09,EL.PA,172.7711639404297,175.82420349121094,172.61459350585938,174.59124755859375,162.5978546142578,582954
2022-02-10,EL.PA,175.31536865234375,175.94163513183594,170.34437561035156,171.4207763671875,159.6451873779297,451655
2022-02-11,EL.PA,168.44601440429688,170.10952758789062,164.41441345214844,165.15811157226562,153.81272888183594,556069
2022-02-14,EL.PA,161.459228515625,162.41819763183594,157.1732177734375,160.93081665039062,149.8758087158203,867471
2022-02-15,EL.PA,160.24583435058594,166.93905639648438,159.20858764648438,166.09750366210938,154.68759155273438,548618
2022-02-16,EL.PA,166.21493530273438,167.0369110107422,163.5532989501953,164.23828125,152.95606994628906,419712
2022-02-17,EL.PA,164.1991424560547,165.54953002929688,160.7938232421875,162.67262268066406,151.4979705810547,515403
2022-02-18,EL.PA,163.51416015625,166.11708068847656,161.90936279296875,163.39674377441406,152.17236328125,646606
2022-02-21,EL.PA,164.62969970703125,165.23638916015625,159.11073303222656,160.53939819335938,149.5113067626953,416263
2022-02-22,EL.PA,156.89923095703125,160.48068237304688,156.4099578857422,158.75845336914062,147.85269165039062,662784
2022-02-23,EL.PA,159.01287841796875,162.37905883789062,158.17132568359375,159.1302947998047,148.198974609375,442824
2022-02-24,EL.PA,150.8518524169922,155.95982360839844,149.4427490234375,154.3745880126953,143.76995849609375,1049805
2022-02-25,EL.PA,155.47055053710938,156.37081909179688,152.55450439453125,156.37081909179688,145.62905883789062,881015
2022-02-28,EL.PA,153.0437774658203,154.00274658203125,149.81459045410156,153.35690307617188,142.8221893310547,1207611
2022-03-01,EL.PA,151.20411682128906,153.35690307617188,146.487548828125,146.487548828125,136.42471313476562,853275
2022-03-02,EL.PA,144.72618103027344,148.38592529296875,141.4969940185547,147.1725311279297,137.06265258789062,1023210
2022-03-03,EL.PA,147.1725311279297,148.1119384765625,143.7672119140625,144.62832641601562,134.69320678710938,558867
2022-03-04,EL.PA,143.35621643066406,144.15863037109375,139.5986328125,139.6377716064453,130.04547119140625,886163
2022-03-07,EL.PA,132.88583374023438,142.00582885742188,130.73304748535156,138.44395446777344,128.9336700439453,1212664
2022-03-08,EL.PA,136.46730041503906,144.51089477539062,136.0367431640625,140.1466064453125,130.5193634033203,1208798
2022-03-09,EL.PA,145.46986389160156,152.3783721923828,145.039306640625,152.3783721923828,141.91085815429688,1365827
2022-03-10,EL.PA,147.85751342773438,150.57785034179688,144.23690795898438,144.70660400390625,134.76611328125,938171
2022-03-11,EL.PA,148.34678649902344,158.7388916015625,145.763427734375,148.8751983642578,138.64834594726562,1088675
2022-03-14,EL.PA,150.7344207763672,158.5236053466797,149.07090759277344,155.0791473388672,144.42611694335938,1076897
2022-03-15,EL.PA,154.60943603515625,155.0595703125,150.42127990722656,152.53494262695312,142.05667114257812,847083
2022-03-16,EL.PA,157.1927947998047,162.39862060546875,155.54884338378906,159.2477264404297,148.30836486816406,936860
2022-03-17,EL.PA,160.50025939941406,161.87020874023438,158.89544677734375,161.2439422607422,150.1674346923828,745812
2022-03-18,EL.PA,161.2439422607422,162.98574829101562,159.4434356689453,161.73321533203125,150.6230926513672,1411341
2022-03-21,EL.PA,163.43588256835938,165.37338256835938,162.00721740722656,162.20291137695312,151.06053161621094,539009
2022-03-22,EL.PA,161.94850158691406,165.569091796875,161.94850158691406,165.27554321289062,153.9220733642578,656564
2022-03-23,EL.PA,166.17579650878906,167.52618408203125,163.43588256835938,164.2774200439453,152.99252319335938,663273
2022-03-24,EL.PA,164.1404266357422,167.52618408203125,163.76858520507812,163.76858520507812,152.51864624023438,662645
2022-03-25,EL.PA,163.43588256835938,166.05836486816406,160.20669555664062,160.36326599121094,149.34725952148438,559180
2022-03-28,EL.PA,161.38095092773438,162.53562927246094,159.56085205078125,160.30455017089844,149.29257202148438,478190
2022-03-29,EL.PA,162.9466094970703,169.01356506347656,161.71365356445312,168.0154571533203,156.4738006591797,815400
2022-03-30,EL.PA,168.28944396972656,168.60256958007812,165.86265563964844,167.21304321289062,155.72650146484375,450810
2022-03-31,EL.PA,167.87844848632812,168.5047149658203,162.7313232421875,162.7313232421875,151.55264282226562,742968
2022-04-01,EL.PA,162.92703247070312,163.51416015625,160.96995544433594,162.1442108154297,151.00587463378906,362987
2022-04-04,EL.PA,162.2420654296875,166.84120178222656,161.31243896484375,166.64549255371094,155.19793701171875,504690
2022-04-05,EL.PA,165.6669464111328,168.74935913085938,164.83518981933594,166.15621948242188,154.74227905273438,525989
2022-04-06,EL.PA,166.0094451904297,166.54763793945312,158.18112182617188,159.79571533203125,148.81869506835938,731334
2022-04-07,EL.PA,160.04034423828125,162.53562927246094,159.06179809570312,159.404296875,148.4541778564453,627256
2022-04-08,EL.PA,161.31243896484375,162.3399200439453,159.01287841796875,161.214599609375,150.14010620117188,463237
2022-04-11,EL.PA,160.5296173095703,161.65493774414062,158.2789764404297,159.7467803955078,148.77313232421875,379792
2022-04-12,EL.PA,156.9579315185547,159.7467803955078,155.19656372070312,157.88755798339844,147.0416259765625,538821
2022-04-13,EL.PA,157.64291381835938,158.47467041015625,154.70729064941406,158.47467041015625,147.58840942382812,469292
2022-04-14,EL.PA,158.67037963867188,164.59056091308594,158.42575073242188,163.66094970703125,152.41842651367188,644109
2022-04-19,EL.PA,161.26351928710938,162.43777465820312,158.6214599609375,161.703857421875,150.59576416015625,517105
2022-04-20,EL.PA,161.75279235839844,167.62403869628906,161.6060028076172,166.0094451904297,154.60557556152344,554121
2022-04-21,EL.PA,165.12875366210938,171.39141845703125,164.73733520507812,168.0154571533203,156.4738006591797,545831
2022-04-22,EL.PA,161.459228515625,165.76480102539062,161.459228515625,163.6120147705078,152.37283325195312,691149
2022-04-25,EL.PA,159.25750732421875,162.4866943359375,158.57252502441406,160.38282775878906,149.36549377441406,606898
2022-04-26,EL.PA,162.78025817871094,162.78025817871094,156.9579315185547,156.9579315185547,146.17584228515625,556314
2022-04-27,EL.PA,156.9579315185547,158.42575073242188,154.9029998779297,156.51759338378906,145.76576232910156,510849
2022-04-28,EL.PA,158.67037963867188,160.82318115234375,156.41973876953125,158.6214599609375,147.72508239746094,431374
2022-04-29,EL.PA,159.64892578125,161.85064697265625,159.15965270996094,160.28497314453125,149.27435302734375,538636
2022-05-02,EL.PA,157.88755798339844,159.404296875,155.49012756347656,157.98541259765625,147.13275146484375,393734
2022-05-03,EL.PA,158.5236053466797,159.79571533203125,156.22402954101562,157.34934997558594,146.54037475585938,435096
2022-05-04,EL.PA,157.20257568359375,158.18112182617188,155.58798217773438,155.58798217773438,144.90000915527344,355898
2022-05-05,EL.PA,159.06179809570312,160.96995544433594,154.218017578125,155.19656372070312,144.53549194335938,606960
2022-05-06,EL.PA,153.67982482910156,154.218017578125,150.30386352539062,151.72274780273438,141.30029296875,688893
2022-05-09,EL.PA,150.40171813964844,152.8480682373047,148.3957061767578,148.59141540527344,138.38404846191406,504756
2022-05-10,EL.PA,150.2060089111328,150.8909912109375,141.00772094726562,141.00772094726562,131.3213348388672,946890
2022-05-11,EL.PA,141.3502197265625,145.01974487304688,140.5673828125,143.6497802734375,133.78189086914062,801471
2022-05-12,EL.PA,139.29527282714844,143.20944213867188,137.14248657226562,141.9373321533203,132.18707275390625,755388
2022-05-13,EL.PA,143.69871520996094,146.73219299316406,142.622314453125,146.3896942138672,136.3335723876953,542570
2022-05-16,EL.PA,144.92189025878906,146.63433837890625,144.67724609375,146.09613037109375,136.0601806640625,516901
2022-05-17,EL.PA,146.78111267089844,149.03175354003906,145.26437377929688,147.56394958496094,137.42718505859375,348259
2022-05-18,EL.PA,147.07467651367188,148.34678649902344,142.08412170410156,143.4051513671875,133.55406188964844,660502
2022-05-19,EL.PA,141.15451049804688,143.06265258789062,138.26780700683594,142.5244598388672,132.73387145996094,660529
2022-05-20,EL.PA,142.81802368164062,145.06866455078125,141.88841247558594,143.45407104492188,133.59962463378906,707888
2022-05-23,EL.PA,144.72618103027344,145.80258178710938,142.4755401611328,145.75364685058594,135.74122619628906,557519
2022-05-24,EL.PA,143.60086059570312,145.1175994873047,142.2798309326172,143.1605224609375,133.3262176513672,477248
2022-05-25,EL.PA,144.0901336669922,144.67724609375,141.00772094726562,144.04119873046875,134.1464080810547,414445
2022-05-26,EL.PA,143.5030059814453,145.99827575683594,143.25836181640625,145.26437377929688,135.2855682373047,414377
2022-05-27,EL.PA,146.78111267089844,150.05923461914062,145.94935607910156,149.4231719970703,139.15869140625,533209
2022-05-30,EL.PA,148.24893188476562,149.3253173828125,147.71072387695312,148.93389892578125,141.07273864746094,527079
2022-05-31,EL.PA,149.47210693359375,149.47210693359375,146.09613037109375,146.83004760742188,139.07994079589844,1098050
2022-06-01,EL.PA,147.9553680419922,148.73818969726562,144.97080993652344,145.1175994873047,137.45787048339844,444867
2022-06-02,EL.PA,145.94935607910156,149.37425231933594,145.80258178710938,148.73818969726562,140.8873748779297,392906
2022-06-03,EL.PA,149.0806884765625,151.18455505371094,148.54249572753906,149.12960815429688,141.25811767578125,368030
2022-06-06,EL.PA,149.71673583984375,150.74420166015625,148.54249572753906,148.54249572753906,140.70199584960938,429269
2022-06-07,EL.PA,147.80857849121094,148.54249572753906,146.242919921875,147.46609497070312,139.6824188232422,334339
2022-06-08,EL.PA,147.80857849121094,148.05322265625,144.5304718017578,145.85150146484375,138.15304565429688,450968
2022-06-09,EL.PA,144.97080993652344,145.01974487304688,140.32273864746094,142.622314453125,135.09429931640625,448843
2022-06-10,EL.PA,141.00772094726562,141.4969940185547,138.02317810058594,138.95278930664062,131.61846923828125,628702
2022-06-13,EL.PA,136.50643920898438,136.94677734375,132.9836883544922,133.71759033203125,126.65959930419922,615375
2022-06-14,EL.PA,134.50042724609375,134.891845703125,129.85235595703125,131.61373901367188,124.66678619384766,704051
2022-06-15,EL.PA,133.52188110351562,133.91329956054688,131.32017517089844,132.9347686767578,125.9180908203125,532324
2022-06-16,EL.PA,132.54335021972656,132.78797912597656,129.95021057128906,131.271240234375,124.34236907958984,419159
2022-06-17,EL.PA,133.66867065429688,137.53390502929688,132.2987060546875,136.2617950439453,129.0695037841797,1311913
2022-06-20,EL.PA,136.89785766601562,138.0720977783203,136.2617950439453,137.58282470703125,130.32080078125,410655
2022-06-21,EL.PA,137.9742431640625,141.05665588378906,137.24034118652344,137.8763885498047,130.59889221191406,415219
2022-06-22,EL.PA,135.33218383789062,138.12103271484375,133.27725219726562,136.65321350097656,129.44027709960938,682286
2022-06-23,EL.PA,134.15794372558594,139.19741821289062,134.0111541748047,138.512451171875,131.20138549804688,484782
2022-06-24,EL.PA,139.39312744140625,144.4326171875,139.05064392089844,143.4051513671875,135.83583068847656,659922
2022-06-27,EL.PA,143.45407104492188,145.60687255859375,139.6377716064453,140.2248992919922,132.82342529296875,675829
2022-06-28,EL.PA,141.79055786132812,142.57339477539062,139.83348083496094,141.20343017578125,133.75030517578125,377049
2022-06-29,EL.PA,139.29527282714844,140.37167358398438,136.21287536621094,139.7845458984375,132.4063262939453,458271
2022-06-30,EL.PA,137.09356689453125,139.83348083496094,136.55535888671875,139.83348083496094,132.4526824951172,545571
2022-07-01,EL.PA,138.02317810058594,142.42660522460938,137.19142150878906,140.76309204101562,133.3332061767578,451834
2022-07-04,EL.PA,141.88841247558594,141.88841247558594,136.7021484375,136.8000030517578,129.5792999267578,418846
2022-07-05,EL.PA,137.43605041503906,138.8549346923828,134.15794372558594,136.50643920898438,129.30123901367188,702254
2022-07-06,EL.PA,138.16995239257812,141.4480743408203,138.12103271484375,140.17596435546875,132.77708435058594,415803
2022-07-07,EL.PA,141.64378356933594,142.67124938964844,138.757080078125,139.6866912841797,132.3136444091797,539558
2022-07-08,EL.PA,140.6652374267578,141.00772094726562,138.26780700683594,140.5673828125,133.14784240722656,302600
2022-07-11,EL.PA,137.58282470703125,142.76910400390625,136.99571228027344,142.4755401611328,134.95526123046875,432215
2022-07-12,EL.PA,140.51844787597656,143.7476348876953,139.73562622070312,143.3072967529297,135.74313354492188,482378
2022-07-13,EL.PA,142.96481323242188,145.01974487304688,141.15451049804688,143.89442443847656,136.29925537109375,456994
2022-07-14,EL.PA,143.11158752441406,143.89442443847656,141.00772094726562,142.86695861816406,135.32603454589844,434380
2022-07-15,EL.PA,144.18798828125,148.10214233398438,142.2798309326172,147.90643310546875,140.09951782226562,484402
2022-07-18,EL.PA,148.44464111328125,150.352783203125,145.85150146484375,146.242919921875,138.52381896972656,458709
2022-07-19,EL.PA,145.3133087158203,150.7931365966797,143.99227905273438,150.15707397460938,142.2313690185547,409030
2022-07-20,EL.PA,151.62489318847656,151.72274780273438,148.83604431152344,150.2549285888672,142.3240509033203,443738
2022-07-21,EL.PA,149.37425231933594,152.7991485595703,148.34678649902344,151.67381286621094,143.6680450439453,535423
2022-07-22,EL.PA,150.59742736816406,152.55450439453125,149.47210693359375,151.57595825195312,143.57534790039062,501726
2022-07-25,EL.PA,151.33132934570312,151.77166748046875,149.56996154785156,150.64634704589844,142.69480895996094,341726
2022-07-26,EL.PA,150.2060089111328,150.4506378173828,146.43862915039062,147.46609497070312,139.6824188232422,439047
2022-07-27,EL.PA,147.6128692626953,150.40171813964844,146.83004760742188,149.4231719970703,141.53619384765625,286402
2022-07-28,EL.PA,150.84205627441406,152.11416625976562,148.83604431152344,152.11416625976562,144.08514404296875,439040
2022-07-29,EL.PA,153.8266143798828,154.218017578125,144.3347625732422,149.1785430908203,141.30447387695312,842114
2022-08-01,EL.PA,150.84205627441406,155.49012756347656,148.88497924804688,154.02232360839844,145.89259338378906,557150
2022-08-02,EL.PA,153.67982482910156,153.77767944335938,150.8909912109375,152.1630859375,144.13148498535156,342680
2022-08-03,EL.PA,151.28240966796875,155.49012756347656,151.2334747314453,155.0008544921875,146.81947326660156,333828
2022-08-04,EL.PA,154.9029998779297,158.23004150390625,154.9029998779297,156.9579315185547,148.67324829101562,335823
2022-08-05,EL.PA,156.5665283203125,158.13218688964844,155.97940063476562,156.7133026123047,148.4415283203125,449219
2022-08-08,EL.PA,157.39828491210938,159.69786071777344,157.25149536132812,158.42575073242188,150.0635986328125,274873
2022-08-09,EL.PA,158.2789764404297,159.3064422607422,155.6858367919922,156.4686737060547,148.20982360839844,380763
2022-08-10,EL.PA,155.6858367919922,158.6214599609375,154.3158721923828,157.838623046875,149.50746154785156,414410
2022-08-11,EL.PA,158.13218688964844,160.3339080810547,158.13218688964844,159.64892578125,151.2222137451172,317879
2022-08-12,EL.PA,159.5021514892578,159.79571533203125,158.42575073242188,159.404296875,150.99049377441406,402575
2022-08-15,EL.PA,159.94248962402344,162.3888397216797,159.94248962402344,161.6060028076172,153.07598876953125,336524
2022-08-16,EL.PA,160.96995544433594,161.50814819335938,157.44720458984375,159.01287841796875,150.61973571777344,457248
2022-08-17,EL.PA,159.11073303222656,160.5785369873047,158.08326721191406,158.81716918945312,150.43434143066406,400534
2022-08-18,EL.PA,158.3768310546875,159.69786071777344,157.64291381835938,159.06179809570312,150.6660614013672,336957
2022-08-19,EL.PA,157.9364776611328,160.28497314453125,157.20257568359375,158.23004150390625,149.8782196044922,539688
2022-08-22,EL.PA,156.76223754882812,157.25149536132812,152.35879516601562,153.14163208007812,145.05838012695312,415127
2022-08-23,EL.PA,151.77166748046875,153.1905517578125,150.93991088867188,151.72274780273438,143.71438598632812,380119
2022-08-24,EL.PA,150.64634704589844,154.9029998779297,150.30386352539062,154.36480712890625,146.2169952392578,406868
2022-08-25,EL.PA,156.41973876953125,157.1536407470703,151.96737670898438,153.77767944335938,145.66085815429688,465477
2022-08-26,EL.PA,154.8540802001953,155.29441833496094,147.4171600341797,148.64035034179688,140.79469299316406,494035
2022-08-29,EL.PA,146.78111267089844,147.66180419921875,145.16651916503906,147.22146606445312,139.45069885253906,262922
2022-08-30,EL.PA,147.66180419921875,150.0102996826172,146.63433837890625,147.75965881347656,139.96047973632812,308043
2022-08-31,EL.PA,148.49356079101562,149.863525390625,145.85150146484375,146.04721069335938,138.3384246826172,632968
2022-09-01,EL.PA,144.5793914794922,144.97080993652344,142.5244598388672,144.13905334472656,136.53097534179688,425475
2022-09-02,EL.PA,145.41116333007812,147.31930541992188,143.89442443847656,146.83004760742188,139.07994079589844,370601
2022-09-05,EL.PA,143.01373291015625,145.3622283935547,142.13304138183594,145.2154541015625,137.55056762695312,371974
2022-09-06,EL.PA,145.01974487304688,146.83004760742188,144.04119873046875,145.60687255859375,137.9213409423828,281693
2022-09-07,EL.PA,144.5793914794922,146.9279022216797,143.99227905273438,146.3896942138672,138.66282653808594,307778
2022-09-08,EL.PA,147.6128692626953,147.80857849121094,144.04119873046875,147.1236114501953,139.35800170898438,471981
2022-09-09,EL.PA,147.46609497070312,150.4506378173828,147.1725311279297,149.81459045410156,141.9069366455078,335527
2022-09-12,EL.PA,151.52703857421875,154.95193481445312,150.74420166015625,153.728759765625,145.61451721191406,543177
2022-09-13,EL.PA,154.26695251464844,156.07725524902344,149.37425231933594,149.7656707763672,141.86061096191406,549282
2022-09-14,EL.PA,149.03175354003906,150.9888458251953,148.10214233398438,149.61888122558594,141.72157287597656,379458
2022-09-15,EL.PA,150.40171813964844,150.4506378173828,145.5579376220703,145.9004364013672,138.19940185546875,509000
2022-09-16,EL.PA,144.4326171875,144.82403564453125,141.88841247558594,141.88841247558594,134.39913940429688,1493604
2022-09-19,EL.PA,141.15451049804688,142.86695861816406,139.29527282714844,141.79055786132812,134.30645751953125,356418
2022-09-20,EL.PA,142.57339477539062,143.99227905273438,139.7845458984375,140.81201171875,133.37954711914062,433363
2022-09-21,EL.PA,139.29527282714844,141.7416229248047,138.6592254638672,141.7416229248047,134.26010131835938,418097
2022-09-22,EL.PA,138.36566162109375,139.6866912841797,135.8214569091797,135.8214569091797,128.6524200439453,517942
2022-09-23,EL.PA,136.35964965820312,137.14248657226562,134.06008911132812,135.6746826171875,128.51339721679688,664504
2022-09-26,EL.PA,134.7450714111328,138.70816040039062,134.7450714111328,136.89785766601562,129.6719970703125,419191
2022-09-27,EL.PA,138.36566162109375,140.6652374267578,136.99571228027344,137.6317596435547,130.36717224121094,494343
2022-09-28,EL.PA,135.18540954589844,140.02919006347656,135.0386199951172,139.6377716064453,132.2672882080078,536883
2022-09-29,EL.PA,138.95278930664062,138.95278930664062,136.7021484375,137.9742431640625,130.69155883789062,504031
2022-09-30,EL.PA,138.36566162109375,138.90386962890625,136.21287536621094,137.33819580078125,130.08909606933594,1312938
2022-10-03,EL.PA,136.0171661376953,139.19741821289062,134.7450714111328,139.19741821289062,131.85018920898438,657491
2022-10-04,EL.PA,141.54592895507812,149.3253173828125,140.4695281982422,148.88497924804688,141.0264129638672,981992
2022-10-05,EL.PA,148.54249572753906,152.35879516601562,147.71072387695312,150.9888458251953,143.0192108154297,789742
2022-10-06,EL.PA,151.91845703125,152.65235900878906,147.6128692626953,148.9828338623047,141.1190948486328,586399
2022-10-07,EL.PA,148.1999969482422,149.863525390625,145.85150146484375,146.19398498535156,138.47744750976562,638651
2022-10-10,EL.PA,145.70472717285156,147.1725311279297,144.13905334472656,146.5854034423828,138.84820556640625,568774
2022-10-11,EL.PA,145.75364685058594,149.12960815429688,145.16651916503906,147.1236114501953,139.35800170898438,573837
2022-10-12,EL.PA,146.78111267089844,148.83604431152344,145.80258178710938,146.73219299316406,138.98724365234375,687391
2022-10-13,EL.PA,145.3133087158203,148.78712463378906,141.2523651123047,147.31930541992188,139.5433807373047,663426
2022-10-14,EL.PA,149.52102661132812,155.19656372070312,148.10214233398438,152.0163116455078,143.99246215820312,662514
2022-10-17,EL.PA,151.96737670898438,155.8815460205078,149.66781616210938,153.728759765625,145.61451721191406,501955
2022-10-18,EL.PA,156.27296447753906,157.00686645507812,154.36480712890625,154.95193481445312,146.77313232421875,393093
2022-10-19,EL.PA,155.78369140625,156.6643829345703,153.0926971435547,153.77767944335938,145.66085815429688,435876
2022-10-20,EL.PA,153.6309051513672,155.5390625,153.1905517578125,155.5390625,147.3292694091797,472325
2022-10-21,EL.PA,153.77767944335938,154.36480712890625,148.64035034179688,150.15707397460938,142.2313690185547,710425
2022-10-24,EL.PA,151.67381286621094,156.9579315185547,150.59742736816406,156.61544799804688,148.3488311767578,550308
2022-10-25,EL.PA,156.76223754882812,161.459228515625,156.37081909179688,161.459228515625,152.93695068359375,576288
2022-10-26,EL.PA,161.31243896484375,163.3673858642578,160.48068237304688,162.4866943359375,153.91018676757812,548783
2022-10-27,EL.PA,161.65493774414062,162.1442108154297,158.9639434814453,159.01287841796875,150.61973571777344,518738
2022-10-28,EL.PA,157.78970336914062,158.2789764404297,156.4686737060547,157.98541259765625,149.64649963378906,419175
2022-10-31,EL.PA,158.7193145751953,158.7682342529297,155.63690185546875,156.9090118408203,148.6269073486328,361982
2022-11-01,EL.PA,158.57252502441406,159.79571533203125,156.8111572265625,157.838623046875,149.50746154785156,273982
2022-11-02,EL.PA,158.5236053466797,159.5021514892578,154.6583709716797,155.78369140625,147.5609893798828,522069
2022-11-03,EL.PA,154.26695251464844,155.73475646972656,153.14163208007812,155.14764404296875,146.95851135253906,336039
2022-11-04,EL.PA,155.39227294921875,159.64892578125,155.39227294921875,158.32789611816406,149.9709014892578,554496
2022-11-07,EL.PA,158.32789611816406,162.6334686279297,157.44720458984375,161.65493774414062,153.12232971191406,412900
2022-11-08,EL.PA,161.31243896484375,161.94850158691406,160.23605346679688,161.94850158691406,153.400390625,295018
2022-11-09,EL.PA,160.5785369873047,162.78025817871094,160.5296173095703,162.19313049316406,153.63211059570312,334870
2022-11-10,EL.PA,161.75279235839844,169.2875518798828,161.459228515625,168.55364990234375,159.65692138671875,717527
2022-11-11,EL.PA,169.2875518798828,171.0978546142578,165.86265563964844,167.2326202392578,158.4055938720703,619009
2022-11-14,EL.PA,167.86866760253906,167.9176025390625,166.40086364746094,166.59657287597656,157.8031463623047,502470
2022-11-15,EL.PA,167.33047485351562,168.55364990234375,166.79226684570312,167.2815399169922,158.4519500732422,431693
2022-11-16,EL.PA,167.8197479248047,169.189697265625,166.84120178222656,167.57510375976562,158.73001098632812,506650
2022-11-17,EL.PA,168.1622314453125,168.79827880859375,163.66094970703125,165.71588134765625,156.9689178466797,389171
2022-11-18,EL.PA,166.98797607421875,170.02145385742188,165.324462890625,169.63003540039062,160.6764678955078,667024
2022-11-21,EL.PA,168.74935913085938,171.0978546142578,168.1622314453125,171.0978546142578,162.0668182373047,427165
2022-11-22,EL.PA,169.8746795654297,171.19570922851562,169.0429229736328,169.92359924316406,160.9545440673828,348724
2022-11-23,EL.PA,170.51072692871094,171.9296112060547,169.189697265625,171.39141845703125,162.34490966796875,335466
2022-11-24,EL.PA,170.85321044921875,171.83175659179688,169.92359924316406,171.0,161.97413635253906,272193
2022-11-25,EL.PA,170.1193084716797,172.46780395507812,170.1193084716797,171.44033813476562,162.39122009277344,335420
2022-11-28,EL.PA,171.24462890625,173.1527862548828,170.02145385742188,172.07640075683594,162.99371337890625,518810
2022-11-29,EL.PA,173.10386657714844,173.29957580566406,171.39141845703125,171.73390197753906,162.66929626464844,367776
2022-11-30,EL.PA,173.4952850341797,174.7184600830078,172.66351318359375,173.4952850341797,164.33770751953125,855636
2022-12-01,EL.PA,175.25665283203125,175.6480712890625,172.51673889160156,174.1802520751953,164.98651123046875,559623
2022-12-02,EL.PA,174.1802520751953,177.6051483154297,174.0823974609375,176.675537109375,167.35009765625,516125
2022-12-05,EL.PA,176.13734436035156,176.38197326660156,173.054931640625,173.054931640625,163.9206085205078,421834
2022-12-06,EL.PA,173.29957580566406,174.7184600830078,172.46780395507812,174.47381591796875,165.2646026611328,558697
2022-12-07,EL.PA,173.29957580566406,174.81631469726562,173.054931640625,174.37596130371094,165.17190551757812,503165
2022-12-08,EL.PA,175.01202392578125,175.7459259033203,174.03347778320312,174.57167053222656,165.35728454589844,275240
2022-12-09,EL.PA,174.865234375,175.8927001953125,173.88668823242188,175.8927001953125,166.6085968017578,436334
2022-12-12,EL.PA,175.15879821777344,178.77940368652344,174.7673797607422,177.75193786621094,168.36968994140625,432871
2022-12-13,EL.PA,178.09442138671875,180.73648071289062,176.3330535888672,179.7579345703125,170.26980590820312,674203
2022-12-14,EL.PA,179.46437072753906,180.34506225585938,178.6326141357422,179.95364379882812,170.45516967773438,604826
2022-12-15,EL.PA,178.68154907226562,178.77940368652344,169.82574462890625,171.19570922851562,162.15951538085938,1050516
2022-12-16,EL.PA,170.3150177001953,171.3424835205078,166.3519287109375,167.2815399169922,158.4519500732422,1348194
2022-12-19,EL.PA,167.42832946777344,170.6575164794922,167.2815399169922,168.0643768310547,159.19346618652344,409731
2022-12-20,EL.PA,166.49871826171875,167.4772491455078,165.079833984375,166.79226684570312,157.98849487304688,437009
2022-12-21,EL.PA,167.9176025390625,169.43434143066406,167.134765625,168.79827880859375,159.88864135742188,488253
2022-12-22,EL.PA,168.5047149658203,170.0703887939453,166.2540740966797,167.96652221679688,159.10076904296875,364072
2022-12-23,EL.PA,167.96652221679688,168.2600860595703,165.6669464111328,166.40086364746094,157.6177520751953,277422
2022-12-27,EL.PA,167.86866760253906,168.2600860595703,166.74334716796875,167.96652221679688,159.10076904296875,216839
2022-12-28,EL.PA,168.945068359375,169.63003540039062,165.96051025390625,166.1072998046875,157.33969116210938,336758
2022-12-29,EL.PA,165.37338256835938,168.35794067382812,164.83518981933594,168.2600860595703,159.3788299560547,249802
2022-12-30,EL.PA,166.54763793945312,167.134765625,164.88412475585938,165.569091796875,156.82989501953125,291331
2023-01-02,EL.PA,167.33047485351562,167.8197479248047,165.86265563964844,167.2815399169922,158.4519500732422,262801
2023-01-03,EL.PA,166.30300903320312,169.38540649414062,165.569091796875,166.4497833251953,157.66407775878906,468363
2023-01-04,EL.PA,167.2815399169922,170.60858154296875,167.2815399169922,169.58111572265625,160.63014221191406,580460
2023-01-05,EL.PA,168.8472137451172,171.29356384277344,168.70042419433594,170.2171630859375,161.2326202392578,414000
2023-01-06,EL.PA,169.58111572265625,172.32102966308594,169.0918426513672,172.32102966308594,163.22543334960938,341195
2023-01-09,EL.PA,173.34849548339844,173.4952850341797,170.26609802246094,172.07640075683594,162.99371337890625,536134
2023-01-10,EL.PA,169.82574462890625,170.2171630859375,166.49871826171875,168.945068359375,160.0276641845703,566996
2023-01-11,EL.PA,170.3150177001953,170.95106506347656,169.14077758789062,169.43434143066406,160.4911346435547,637972
2023-01-12,EL.PA,169.9725341796875,170.16824340820312,166.54763793945312,166.79226684570312,157.98849487304688,661493
2023-01-13,EL.PA,166.84120178222656,170.95106506347656,166.2540740966797,170.1193084716797,161.1399383544922,625821
2023-01-16,EL.PA,171.0,171.1467742919922,169.2875518798828,170.02145385742188,161.0472412109375,309540
2023-01-17,EL.PA,169.77682495117188,173.8377685546875,169.63003540039062,172.9570770263672,163.82791137695312,368545
2023-01-18,EL.PA,172.7124481201172,174.32704162597656,171.7828369140625,171.8806915283203,162.808349609375,421218
2023-01-19,EL.PA,172.0274658203125,172.07640075683594,167.2326202392578,167.2815399169922,158.4519500732422,655641
2023-01-20,EL.PA,168.55364990234375,171.39141845703125,167.67295837402344,170.70643615722656,161.69606018066406,517489
2023-01-23,EL.PA,170.80429077148438,171.97854614257812,169.9725341796875,170.36395263671875,161.3716583251953,380653
2023-01-24,EL.PA,170.2171630859375,170.80429077148438,165.1776885986328,167.2815399169922,158.4519500732422,530740
2023-01-25,EL.PA,167.08583068847656,167.86866760253906,165.324462890625,167.57510375976562,158.73001098632812,331668
2023-01-26,EL.PA,168.4068603515625,168.79827880859375,164.2969970703125,164.2969970703125,155.62493896484375,582079
2023-01-27,EL.PA,164.2969970703125,164.49270629882812,160.82318115234375,162.5845489501953,154.00286865234375,770312
2023-01-30,EL.PA,161.8017120361328,164.1991424560547,161.06781005859375,162.8291778564453,154.23458862304688,438451
2023-01-31,EL.PA,163.51416015625,165.27554321289062,163.07382202148438,164.2969970703125,155.62493896484375,533389
2023-02-01,EL.PA,164.4437713623047,165.37338256835938,164.34591674804688,164.6394805908203,155.9493408203125,429241
2023-02-02,EL.PA,165.2266082763672,167.57510375976562,163.3673858642578,167.08583068847656,158.2665557861328,600157
2023-02-03,EL.PA,169.33648681640625,174.91416931152344,168.89613342285156,174.81631469726562,165.58900451660156,791858
2023-02-06,EL.PA,172.2720947265625,173.44635009765625,170.55966186523438,171.24462890625,162.2058563232422,399521
2023-02-07,EL.PA,170.75537109375,171.19570922851562,168.60256958007812,169.43434143066406,160.4911346435547,425916
2023-02-08,EL.PA,172.22317504882812,173.6909942626953,170.26609802246094,170.46180725097656,161.46435546875,457527
2023-02-09,EL.PA,170.41287231445312,171.73390197753906,168.4068603515625,168.4068603515625,159.5178680419922,401456
2023-02-10,EL.PA,166.93905639648438,167.67295837402344,164.00343322753906,165.079833984375,156.366455078125,521361
2023-02-13,EL.PA,164.9819793701172,168.79827880859375,164.9819793701172,168.4068603515625,159.5178680419922,308620
2023-02-14,EL.PA,168.21115112304688,169.58111572265625,167.2815399169922,167.72189331054688,158.86904907226562,368491
2023-02-15,EL.PA,167.77081298828125,170.26609802246094,167.2326202392578,170.0703887939453,161.0935821533203,380937
2023-02-16,EL.PA,171.24462890625,172.810302734375,170.26609802246094,171.7828369140625,162.7156524658203,366483
2023-02-17,EL.PA,169.9725341796875,170.85321044921875,167.18368530273438,170.85321044921875,161.83509826660156,717112
2023-02-20,EL.PA,171.6849822998047,172.41888427734375,170.70643615722656,171.58712768554688,162.53025817871094,253355
2023-02-21,EL.PA,170.1193084716797,172.810302734375,169.38540649414062,171.97854614257812,162.90103149414062,444133
2023-02-22,EL.PA,171.19570922851562,171.97854614257812,168.945068359375,170.80429077148438,161.7887420654297,369765
2023-02-23,EL.PA,166.3519287109375,167.57510375976562,163.4163055419922,163.56309509277344,154.92977905273438,762135
2023-02-24,EL.PA,163.6120147705078,164.88412475585938,161.214599609375,161.214599609375,152.70523071289062,1113766
2023-02-27,EL.PA,161.65493774414062,163.02488708496094,161.1167449951172,161.31243896484375,152.79791259765625,415377
2023-02-28,EL.PA,160.5785369873047,162.3399200439453,160.08926391601562,160.87210083007812,152.3808135986328,850283
2023-03-01,EL.PA,161.214599609375,161.8017120361328,159.5021514892578,159.84463500976562,151.40757751464844,461155
2023-03-02,EL.PA,159.01287841796875,159.7467803955078,158.13218688964844,159.35536193847656,150.94412231445312,502619
2023-03-03,EL.PA,160.18711853027344,161.06781005859375,159.94248962402344,160.23605346679688,151.77833557128906,444259
2023-03-06,EL.PA,161.01889038085938,162.2420654296875,160.82318115234375,161.89956665039062,153.35403442382812,418817
2023-03-07,EL.PA,161.8017120361328,163.51416015625,160.04034423828125,160.04034423828125,151.59295654296875,519707
2023-03-08,EL.PA,156.51759338378906,158.3768310546875,155.04978942871094,157.20257568359375,148.9049835205078,715469
2023-03-09,EL.PA,157.39828491210938,159.20858764648438,156.61544799804688,158.3768310546875,150.0172576904297,417824
2023-03-10,EL.PA,156.6643829345703,159.11073303222656,155.04978942871094,156.17510986328125,147.93174743652344,620156
2023-03-13,EL.PA,156.4686737060547,156.51759338378906,153.1905517578125,154.218017578125,146.07794189453125,709410
2023-03-14,EL.PA,154.41372680664062,156.41973876953125,152.8480682373047,155.5390625,147.3292694091797,404742
2023-03-15,EL.PA,156.32188415527344,156.32188415527344,151.8206024169922,154.0712432861328,145.9389190673828,638472
2023-03-16,EL.PA,156.22402954101562,158.67037963867188,154.02232360839844,157.54505920410156,149.2293701171875,726264
2023-03-17,EL.PA,157.98541259765625,158.81716918945312,155.19656372070312,156.32188415527344,148.07077026367188,1079918
2023-03-20,EL.PA,156.1261749267578,160.38282775878906,155.73475646972656,158.8660888671875,150.48069763183594,592106
2023-03-21,EL.PA,160.7742462158203,160.7742462158203,159.11073303222656,159.5021514892578,151.08316040039062,429959
2023-03-22,EL.PA,159.15965270996094,160.4317626953125,158.91502380371094,159.79571533203125,151.3612518310547,367877
2023-03-23,EL.PA,158.5236053466797,159.60000610351562,157.9364776611328,159.3064422607422,150.89779663085938,404546
2023-03-24,EL.PA,158.57252502441406,158.91502380371094,156.86009216308594,158.6214599609375,150.24896240234375,458988
2023-03-27,EL.PA,160.08926391601562,160.62747192382812,158.9639434814453,159.11073303222656,150.71241760253906,344110
2023-03-28,EL.PA,159.8935546875,160.5785369873047,154.26695251464844,155.19656372070312,147.00485229492188,500392
2023-03-29,EL.PA,155.58798217773438,156.86009216308594,155.5390625,156.8111572265625,148.5342254638672,404296
2023-03-30,EL.PA,157.7407684326172,161.3613739013672,157.6918487548828,160.3339080810547,151.87103271484375,564079
2023-03-31,EL.PA,161.41029357910156,163.1716766357422,160.82318115234375,162.43777465820312,153.86383056640625,653791
2023-04-03,EL.PA,161.73321533203125,162.2224884033203,159.75656127929688,159.75656127929688,151.32415771484375,344526
2023-04-04,EL.PA,160.5785369873047,161.67449951171875,159.9522705078125,159.9914093017578,151.54660034179688,399644
2023-04-05,EL.PA,160.50025939941406,164.1795654296875,160.36326599121094,163.31845092773438,154.69802856445312,534217
2023-04-06,EL.PA,163.65115356445312,165.0015411376953,163.12274169921875,163.98385620117188,155.3283233642578,403966
2023-04-11,EL.PA,164.88412475585938,165.803955078125,164.21871948242188,165.49081420898438,156.7557373046875,428627
2023-04-12,EL.PA,165.76480102539062,169.83554077148438,165.60824584960938,167.21304321289062,158.38706970214844,497504
2023-04-13,EL.PA,168.3090057373047,171.49905395507812,168.21115112304688,170.95106506347656,161.9277801513672,606105
2023-04-14,EL.PA,171.00978088378906,172.53631591796875,170.91192626953125,171.81219482421875,162.7434539794922,549925
2023-04-17,EL.PA,169.8551025390625,170.87278747558594,168.21115112304688,168.21115112304688,159.3324737548828,580219
2023-04-18,EL.PA,168.21115112304688,170.6183624267578,167.9567413330078,169.3462677001953,160.40768432617188,437847
2023-04-19,EL.PA,168.79827880859375,172.0470428466797,168.77871704101562,171.85133361816406,162.78053283691406,504299
2023-04-20,EL.PA,170.85321044921875,172.28189086914062,170.5792236328125,171.75347900390625,162.68783569335938,463667
2023-04-21,EL.PA,182.30213928222656,184.23965454101562,178.87725830078125,182.51742553710938,172.88363647460938,1206525
2023-04-24,EL.PA,181.55845642089844,182.18472290039062,180.20806884765625,180.81475830078125,171.2708282470703,550219
2023-04-25,EL.PA,179.7775115966797,181.71502685546875,179.62094116210938,180.87347412109375,171.3264617919922,448453
2023-04-26,EL.PA,179.36651611328125,180.93218994140625,178.5445556640625,178.72068786621094,169.28729248046875,440140
2023-04-27,EL.PA,178.81854248046875,178.81854248046875,175.6089324951172,176.3134765625,167.0071563720703,682323
2023-04-28,EL.PA,175.58935546875,176.39175415039062,172.9668731689453,175.5502166748047,166.2841796875,756695
2023-05-02,EL.PA,175.98077392578125,177.1354522705078,175.7459259033203,176.3721923828125,167.06277465820312,636545
2023-05-03,EL.PA,177.0180206298828,179.67965698242188,176.9984588623047,178.85768127441406,169.4170684814453,333442
2023-05-04,EL.PA,178.4075469970703,179.64051818847656,177.50729370117188,178.89682006835938,169.45413208007812,283630
2023-05-05,EL.PA,179.95364379882812,180.30592346191406,177.8008575439453,179.9145050048828,170.4180908203125,295170
2023-05-08,EL.PA,180.16893005371094,181.03004455566406,179.79708862304688,180.46249389648438,170.93716430664062,198460
2023-05-09,EL.PA,180.16893005371094,180.5994873046875,177.99656677246094,179.1512451171875,169.6951446533203,344345
2023-05-10,EL.PA,179.1903839111328,180.73648071289062,179.1708221435547,180.22764587402344,170.7147216796875,343480
2023-05-11,EL.PA,180.83433532714844,182.7522735595703,180.67776489257812,181.71502685546875,172.1235809326172,324466
2023-05-12,EL.PA,181.61717224121094,183.57424926757812,181.3236083984375,182.1455841064453,172.53143310546875,349269
2023-05-15,EL.PA,182.53700256347656,183.18283081054688,180.4820556640625,180.79519653320312,171.2523193359375,274549
2023-05-16,EL.PA,180.93218994140625,182.8109893798828,180.540771484375,182.5565643310547,172.92071533203125,336924
2023-05-17,EL.PA,181.67587280273438,182.8109893798828,181.2061767578125,182.16514587402344,172.54995727539062,478507
2023-05-18,EL.PA,182.98712158203125,184.35708618164062,181.69544982910156,182.38043212890625,172.75387573242188,248369
2023-05-19,EL.PA,182.45870971679688,183.1632537841797,179.48394775390625,179.48394775390625,170.01026916503906,564305
2023-05-22,EL.PA,176.45046997070312,176.9788818359375,174.9043731689453,176.3526153564453,170.10543823242188,412321
2023-05-23,EL.PA,176.07862854003906,176.11776733398438,173.12342834472656,173.3582763671875,167.21717834472656,402203
2023-05-24,EL.PA,171.5186309814453,171.81219482421875,169.67897033691406,171.28378295898438,165.21615600585938,475631
2023-05-25,EL.PA,170.77493286132812,171.69476318359375,169.17013549804688,170.6575164794922,164.61209106445312,340635
2023-05-26,EL.PA,170.32479858398438,173.73013305664062,169.65939331054688,173.12342834472656,166.9906463623047,495251
2023-05-29,EL.PA,172.67330932617188,173.3778533935547,171.12721252441406,171.59690856933594,165.51820373535156,299122
2023-05-30,EL.PA,172.53631591796875,173.4757080078125,170.55966186523438,171.22506713867188,165.15953063964844,380425
2023-05-31,EL.PA,170.44223022460938,170.44223022460938,164.12086486816406,164.82540893554688,158.98658752441406,3770233
2023-06-01,EL.PA,166.74334716796875,167.2913360595703,161.87020874023438,163.02488708496094,157.24984741210938,617071
2023-06-02,EL.PA,163.4750213623047,168.0154571533203,162.92703247070312,167.6436004638672,161.70494079589844,601752
2023-06-05,EL.PA,167.36961364746094,167.60446166992188,163.4750213623047,163.631591796875,157.83505249023438,419767
2023-06-06,EL.PA,163.4554443359375,164.51226806640625,163.22059631347656,164.16000366210938,158.34474182128906,384215
2023-06-07,EL.PA,163.5532989501953,164.72755432128906,163.25973510742188,164.1795654296875,158.36361694335938,384238
2023-06-08,EL.PA,163.22059631347656,165.54953002929688,162.2420654296875,164.74713134765625,158.91107177734375,336380
2023-06-09,EL.PA,164.70797729492188,165.09939575195312,162.41819763183594,164.21871948242188,158.40138244628906,299696
2023-06-12,EL.PA,166.09750366210938,166.15621948242188,161.53750610351562,162.2420654296875,156.4947509765625,465832
2023-06-13,EL.PA,163.51416015625,163.98385620117188,162.1637725830078,163.90557861328125,158.09933471679688,456949
2023-06-14,EL.PA,163.27931213378906,164.844970703125,162.00721740722656,163.80772399902344,158.00494384765625,399463
2023-06-15,EL.PA,163.14231872558594,163.92515563964844,162.00721740722656,162.907470703125,157.13658142089844,428192
2023-06-16,EL.PA,163.4163055419922,169.17013549804688,162.907470703125,169.17013549804688,163.17739868164062,2410883
2023-06-19,EL.PA,167.8197479248047,167.8197479248047,165.99964904785156,166.68463134765625,160.7799530029297,585764
2023-06-20,EL.PA,166.3519287109375,166.9194793701172,164.49270629882812,164.82540893554688,158.98658752441406,385928
2023-06-21,EL.PA,164.43399047851562,166.293212890625,163.51416015625,164.2969970703125,158.47689819335938,403680
2023-06-22,EL.PA,163.33802795410156,165.43209838867188,162.06591796875,165.0015411376953,159.15647888183594,479404
2023-06-23,EL.PA,165.079833984375,165.86265563964844,163.08360290527344,163.96429443359375,158.1559600830078,344388
2023-06-26,EL.PA,164.68841552734375,165.0602569580078,162.7900390625,164.16000366210938,158.34474182128906,382410
2023-06-27,EL.PA,165.51039123535156,167.1151885986328,164.55142211914062,166.52806091308594,160.62892150878906,720261
2023-06-28,EL.PA,167.1151885986328,171.10763549804688,167.0956268310547,170.20738220214844,164.1779022216797,532844
2023-06-29,EL.PA,169.60069274902344,170.91192626953125,164.31655883789062,165.079833984375,159.2319793701172,497037
2023-06-30,EL.PA,165.92137145996094,169.36582946777344,165.5299530029297,168.89613342285156,162.91310119628906,730080
2023-07-03,EL.PA,168.38729858398438,168.4264373779297,166.33236694335938,166.84120178222656,160.93096923828125,275868
2023-07-04,EL.PA,166.64549255371094,167.9176025390625,166.1953582763672,167.0760498046875,161.15748596191406,173202
2023-07-05,EL.PA,167.42832946777344,170.40309143066406,167.31089782714844,169.79638671875,163.78146362304688,595819
2023-07-06,EL.PA,169.0331268310547,169.0331268310547,164.68841552734375,165.49081420898438,159.62841796875,630500
2023-07-07,EL.PA,165.23638916015625,167.66317749023438,164.76669311523438,167.31089782714844,161.38401794433594,554563
2023-07-10,EL.PA,166.5084991455078,168.77871704101562,166.33236694335938,167.33047485351562,161.4029083251953,322000
2023-07-11,EL.PA,168.11329650878906,168.4264373779297,167.21304321289062,167.8393096923828,161.89370727539062,223470
2023-07-12,EL.PA,168.79827880859375,171.24462890625,167.40875244140625,171.10763549804688,165.0462646484375,434958
2023-07-13,EL.PA,171.9883270263672,172.7907257080078,170.32479858398438,171.3033447265625,165.23504638671875,422371
2023-07-14,EL.PA,171.9883270263672,173.9845428466797,171.53819274902344,172.32102966308594,166.2166748046875,295534
2023-07-17,EL.PA,172.28189086914062,172.39930725097656,170.75537109375,171.3229217529297,165.25392150878906,248334
2023-07-18,EL.PA,171.16635131835938,172.0274658203125,169.99209594726562,171.79261779785156,165.7069854736328,334540
2023-07-19,EL.PA,172.810302734375,173.94540405273438,170.85321044921875,171.12721252441406,165.06515502929688,364351
2023-07-20,EL.PA,170.14866638183594,173.18214416503906,168.70042419433594,172.7711639404297,166.65086364746094,370896
2023-07-21,EL.PA,172.32102966308594,174.66952514648438,172.1840362548828,174.66952514648438,168.48196411132812,338768
2023-07-24,EL.PA,172.7711639404297,173.86712646484375,170.6183624267578,172.22317504882812,166.12228393554688,497167
2023-07-25,EL.PA,171.06849670410156,173.55398559570312,170.30523681640625,173.4757080078125,167.3304443359375,335185
2023-07-26,EL.PA,176.13734436035156,176.23519897460938,163.49459838867188,169.2875518798828,163.29066467285156,909007
2023-07-27,EL.PA,172.2427520751953,174.53253173828125,171.24462890625,174.1998291015625,168.0289306640625,608840
2023-07-28,EL.PA,172.7515869140625,177.78128051757812,172.51673889160156,176.56790161132812,170.31309509277344,488658
2023-07-31,EL.PA,176.48960876464844,179.8753662109375,176.48960876464844,179.01425170898438,172.67279052734375,748549
2023-08-01,EL.PA,178.13356018066406,178.4075469970703,174.63038635253906,174.74781799316406,168.5574951171875,351967
2023-08-02,EL.PA,172.0274658203125,174.258544921875,170.6966552734375,172.0470428466797,165.952392578125,383283
2023-08-03,EL.PA,169.8746795654297,171.16635131835938,169.58111572265625,171.02935791015625,164.97076416015625,346887
2023-08-04,EL.PA,171.00978088378906,171.22506713867188,169.44412231445312,171.08807373046875,165.0273895263672,334011
2023-08-07,EL.PA,170.26609802246094,172.086181640625,170.14866638183594,171.75347900390625,165.66921997070312,251280
2023-08-08,EL.PA,171.1467742919922,172.39930725097656,170.32479858398438,170.6183624267578,164.57432556152344,334531
2023-08-09,EL.PA,172.39930725097656,173.3582763671875,171.3229217529297,171.75347900390625,165.66921997070312,277872
2023-08-10,EL.PA,172.39930725097656,175.6480712890625,171.89047241210938,174.33682250976562,168.1610565185547,397114
2023-08-11,EL.PA,173.27999877929688,173.82798767089844,171.2642059326172,171.53819274902344,165.46156311035156,293594
2023-08-14,EL.PA,171.67518615722656,173.00601196289062,171.16635131835938,172.36016845703125,166.25442504882812,209710
2023-08-15,EL.PA,173.33871459960938,173.4561309814453,170.28565979003906,171.4207763671875,165.3483123779297,197440
2023-08-16,EL.PA,170.40309143066406,171.67518615722656,170.16824340820312,171.1467742919922,165.08401489257812,250764
2023-08-17,EL.PA,170.05081176757812,171.63604736328125,169.56153869628906,170.0703887939453,164.04576110839844,362753
2023-08-18,EL.PA,169.8942413330078,170.22695922851562,168.11329650878906,169.77682495117188,163.76258850097656,462544
2023-08-21,EL.PA,170.08995056152344,173.5931396484375,169.99209594726562,171.18592834472656,165.1217803955078,321600
2023-08-22,EL.PA,172.98643493652344,175.25665283203125,172.45802307128906,172.7711639404297,166.65086364746094,296661
2023-08-23,EL.PA,173.2604217529297,174.02369689941406,170.26609802246094,170.83364868164062,164.781982421875,325439
2023-08-24,EL.PA,172.22317504882812,173.55398559570312,170.24652099609375,170.24652099609375,164.2156524658203,258041
2023-08-25,EL.PA,169.67897033691406,171.49905395507812,169.3462677001953,170.30523681640625,164.2722930908203,380351
2023-08-28,EL.PA,171.53819274902344,173.20172119140625,170.22695922851562,172.34060668945312,166.2355499267578,296696
2023-08-29,EL.PA,172.32102966308594,173.06472778320312,171.04891967773438,172.61459350585938,166.49984741210938,388366
2023-08-30,EL.PA,172.82986450195312,172.88858032226562,170.26609802246094,170.99021911621094,164.93301391601562,325229
2023-08-31,EL.PA,171.18592834472656,172.22317504882812,170.16824340820312,170.16824340820312,164.14013671875,846869
2023-09-01,EL.PA,170.08995056152344,172.37974548339844,168.89613342285156,170.44223022460938,164.40443420410156,263279
2023-09-04,EL.PA,171.24462890625,173.4169921875,171.2054901123047,171.55776977539062,165.48045349121094,198407
2023-09-05,EL.PA,170.75537109375,171.85133361816406,169.77682495117188,170.46180725097656,164.42330932617188,344494
2023-09-06,EL.PA,168.95484924316406,170.0116729736328,167.56532287597656,168.5242919921875,162.55442810058594,410915
2023-09-07,EL.PA,167.52618408203125,170.75537109375,167.48704528808594,169.63983154296875,163.6304473876953,396290
2023-09-08,EL.PA,169.9529571533203,170.5792236328125,166.2540740966797,169.62025451660156,163.611572265625,412627
2023-09-11,EL.PA,170.22695922851562,171.55776977539062,169.65939331054688,170.50094604492188,164.46107482910156,274172
2023-09-12,EL.PA,171.12721252441406,171.67518615722656,170.0703887939453,170.0703887939453,164.04576110839844,215776
2023-09-13,EL.PA,169.2875518798828,170.87278747558594,168.73956298828125,170.18780517578125,164.1590118408203,292652
2023-09-14,EL.PA,170.7945098876953,172.92771911621094,169.07228088378906,172.45802307128906,166.34881591796875,492487
2023-09-15,EL.PA,174.1019744873047,175.7459259033203,170.97064208984375,171.55776977539062,165.48045349121094,1207111
2023-09-18,EL.PA,171.04891967773438,171.24462890625,169.62025451660156,169.69854736328125,163.68710327148438,488115
2023-09-19,EL.PA,169.2875518798828,170.34437561035156,167.7610321044922,168.17201232910156,162.21463012695312,438551
2023-09-20,EL.PA,168.19158935546875,172.0666046142578,168.0154571533203,171.57733154296875,165.4993133544922,334280
2023-09-21,EL.PA,168.91571044921875,171.00978088378906,165.0211181640625,165.7843780517578,159.91159057617188,543684
2023-09-22,EL.PA,164.3948516845703,164.78627014160156,162.1442108154297,164.355712890625,158.5335235595703,413275
2023-09-25,EL.PA,163.88600158691406,164.00343322753906,160.735107421875,162.2224884033203,156.47586059570312,428366
2023-09-26,EL.PA,161.459228515625,161.79193115234375,159.05201721191406,159.71742248535156,154.05953979492188,437975
2023-09-27,EL.PA,159.09115600585938,160.7742462158203,158.38661193847656,159.14987182617188,153.5120849609375,361536
2023-09-28,EL.PA,159.07159423828125,161.5179443359375,158.89544677734375,160.6372528076172,154.94677734375,358441
2023-09-29,EL.PA,160.50025939941406,163.16188049316406,160.50025939941406,161.6157989501953,155.8906707763672,472732
2023-10-02,EL.PA,163.16188049316406,163.96429443359375,158.0539093017578,160.14797973632812,154.47483825683594,693930
2023-10-03,EL.PA,159.09115600585938,160.30455017089844,157.34934997558594,158.93458557128906,153.30442810058594,421932
2023-10-04,EL.PA,156.6643829345703,160.48068237304688,156.25338745117188,159.61956787109375,153.96514892578125,356974
2023-10-05,EL.PA,159.61956787109375,160.53939819335938,158.75845336914062,159.5021514892578,153.85189819335938,269372
2023-10-06,EL.PA,159.58042907714844,161.38095092773438,158.97373962402344,160.53939819335938,154.85240173339844,301779
2023-10-09,EL.PA,159.61956787109375,160.53939819335938,158.6605987548828,159.79571533203125,154.13507080078125,345983
2023-10-10,EL.PA,162.39862060546875,163.04446411132812,161.3026580810547,162.43777465820312,156.6835174560547,342089
2023-10-11,EL.PA,161.459228515625,163.78814697265625,160.38282775878906,162.9466094970703,157.17433166503906,456500
2023-10-12,EL.PA,164.43399047851562,165.09939575195312,162.8683319091797,162.8683319091797,157.0988311767578,449774
2023-10-13,EL.PA,161.81150817871094,162.0854949951172,159.81527709960938,160.5785369873047,154.89015197753906,433676
2023-10-16,EL.PA,161.3026580810547,162.9466094970703,159.87399291992188,162.06591796875,156.3248291015625,302942
2023-10-17,EL.PA,160.98953247070312,162.35948181152344,158.95416259765625,160.91123962402344,155.21107482910156,213378
2023-10-18,EL.PA,159.9718475341797,161.81150817871094,159.67828369140625,160.1088409423828,154.4370880126953,289629
2023-10-19,EL.PA,158.5236053466797,160.2262725830078,158.0539093017578,158.6605987548828,153.04014587402344,421352
2023-10-20,EL.PA,157.2710723876953,160.0501251220703,156.52737426757812,159.56085205078125,153.90850830078125,569654
2023-10-23,EL.PA,160.38282775878906,162.77047729492188,159.26730346679688,161.94850158691406,156.21157836914062,430681
2023-10-24,EL.PA,162.7900390625,164.355712890625,162.20291137695312,163.84686279296875,158.04269409179688,424128
2023-10-25,EL.PA,163.4750213623047,165.7452392578125,162.92703247070312,164.96240234375,159.11871337890625,376239
2023-10-26,EL.PA,163.70986938476562,164.10128784179688,161.10694885253906,162.1442108154297,156.40036010742188,438559
2023-10-27,EL.PA,165.37338256835938,165.82351684570312,162.30076599121094,164.41441345214844,158.59014892578125,509192
2023-10-30,EL.PA,166.3519287109375,166.3519287109375,163.22059631347656,164.66883850097656,158.83555603027344,344394
2023-10-31,EL.PA,165.92137145996094,168.09373474121094,165.6278076171875,166.9781951904297,161.06309509277344,492079
2023-11-01,EL.PA,166.5672149658203,168.44601440429688,165.98008728027344,167.741455078125,161.79933166503906,306036
2023-11-02,EL.PA,169.913818359375,172.63417053222656,168.81785583496094,171.81219482421875,165.72586059570312,531487
2023-11-03,EL.PA,171.08807373046875,172.1840362548828,170.4813690185547,170.50094604492188,164.46107482910156,423093
2023-11-06,EL.PA,171.02935791015625,171.2054901123047,168.91571044921875,168.95484924316406,162.96974182128906,333787
2023-11-07,EL.PA,168.13287353515625,169.9529571533203,168.0154571533203,169.189697265625,163.19627380371094,254909
2023-11-08,EL.PA,169.26797485351562,171.44033813476562,169.11141967773438,170.26609802246094,164.23452758789062,217458
2023-11-09,EL.PA,170.26609802246094,172.36016845703125,169.2484130859375,171.67518615722656,165.5937042236328,373476
2023-11-10,EL.PA,171.362060546875,172.1253204345703,169.65939331054688,171.1467742919922,165.08401489257812,347600
2023-11-13,EL.PA,171.69476318359375,172.9668731689453,171.16635131835938,172.9668731689453,166.83963012695312,539152
2023-11-14,EL.PA,173.20172119140625,176.54832458496094,172.53631591796875,176.11776733398438,169.87892150878906,486536
2023-11-15,EL.PA,175.35450744628906,178.05528259277344,173.5931396484375,174.3563995361328,168.17994689941406,603983
2023-11-16,EL.PA,174.64996337890625,175.33493041992188,173.18214416503906,174.06283569335938,167.8967742919922,487261
2023-11-17,EL.PA,174.53253173828125,175.90249633789062,174.3563995361328,175.5306396484375,169.31259155273438,478112
2023-11-20,EL.PA,175.19793701171875,175.6480712890625,172.43846130371094,172.7907257080078,166.6697235107422,424477
2023-11-21,EL.PA,172.16445922851562,173.3582763671875,172.10574340820312,173.18214416503906,167.04727172851562,442644
2023-11-22,EL.PA,173.2604217529297,175.471923828125,172.9668731689453,175.0805206298828,168.87840270996094,286778
2023-11-23,EL.PA,175.471923828125,175.706787109375,173.92584228515625,173.92584228515625,167.76463317871094,314708
2023-11-24,EL.PA,173.82798767089844,174.2194061279297,173.29957580566406,174.2194061279297,168.0478057861328,463994
2023-11-27,EL.PA,174.37596130371094,175.04136657714844,173.20172119140625,173.20172119140625,167.06617736816406,353446
2023-11-28,EL.PA,173.04515075683594,173.04515075683594,171.06849670410156,172.7907257080078,166.6697235107422,323063
2023-11-29,EL.PA,173.08428955078125,173.67141723632812,171.8708953857422,173.4365692138672,167.29269409179688,280854
2023-11-30,EL.PA,173.4561309814453,173.4757080078125,170.91192626953125,171.362060546875,165.2916717529297,796055
2023-12-01,EL.PA,171.81219482421875,175.04136657714844,171.59690856933594,174.2976837158203,168.12330627441406,409868
2023-12-04,EL.PA,173.71055603027344,174.64996337890625,173.04515075683594,174.2389678955078,168.06666564941406,213090
2023-12-05,EL.PA,173.18214416503906,175.94163513183594,173.18214416503906,175.8046417236328,169.57688903808594,306726
2023-12-06,EL.PA,176.03948974609375,176.84188842773438,175.13922119140625,176.58746337890625,170.33197021484375,379810
2023-12-07,EL.PA,176.66575622558594,177.7225799560547,176.39175415039062,177.17459106445312,170.89830017089844,329293
2023-12-08,EL.PA,177.03759765625,179.95364379882812,176.9788818359375,178.77940368652344,172.44625854492188,503721
2023-12-11,EL.PA,178.74024963378906,180.89305114746094,178.48583984375,179.28823852539062,172.93707275390625,483530
2023-12-12,EL.PA,179.60137939453125,180.658203125,179.50352478027344,179.62094116210938,173.25799560546875,312224
2023-12-13,EL.PA,179.1708221435547,183.18283081054688,179.1708221435547,181.44102478027344,175.0135955810547,596122
2023-12-14,EL.PA,183.96566772460938,184.7876434326172,179.8362274169922,181.1083221435547,174.69268798828125,449356
2023-12-15,EL.PA,181.4214630126953,182.26300048828125,180.6386260986328,181.264892578125,174.8437042236328,903854
2023-12-18,EL.PA,180.11021423339844,180.61904907226562,178.72068786621094,179.816650390625,173.44677734375,319365
2023-12-19,EL.PA,179.62094116210938,180.26678466796875,178.2118377685547,179.2490997314453,172.89932250976562,352848
2023-12-20,EL.PA,178.95553588867188,178.95553588867188,177.1941680908203,177.83999633789062,171.54013061523438,357681
2023-12-21,EL.PA,177.03759765625,178.13356018066406,176.39175415039062,177.37030029296875,171.08706665039062,346895
2023-12-22,EL.PA,177.0767364501953,178.11399841308594,176.74403381347656,177.83999633789062,171.54013061523438,219887
2023-12-27,EL.PA,177.50729370117188,178.15313720703125,177.0180206298828,177.31158447265625,171.0304412841797,207906
2023-12-28,EL.PA,177.17459106445312,177.6834259033203,176.3134765625,177.0767364501953,170.8039093017578,184244
2023-12-29,EL.PA,178.07484436035156,178.70111083984375,177.31158447265625,177.7030029296875,171.4080047607422,184890
2024-01-02,EL.PA,178.09442138671875,178.60325622558594,176.05905151367188,177.62472534179688,171.33248901367188,259404
2024-01-03,EL.PA,177.17459106445312,178.2118377685547,174.12155151367188,175.41322326660156,169.19932556152344,293808
2024-01-04,EL.PA,174.9239501953125,177.11587524414062,172.7711639404297,174.94351196289062,168.7462615966797,295703
2024-01-05,EL.PA,174.37596130371094,177.89871215820312,173.61270141601562,177.35072326660156,171.0681915283203,363084
2024-01-08,EL.PA,177.25286865234375,181.48016357421875,176.74403381347656,180.61904907226562,174.2207489013672,354356
2024-01-09,EL.PA,180.71690368652344,181.03004455566406,178.05528259277344,179.9145050048828,173.54115295410156,379734
2024-01-10,EL.PA,179.32737731933594,180.61904907226562,178.91639709472656,180.4429168701172,174.05084228515625,363764
2024-01-11,EL.PA,181.1670379638672,181.87158203125,178.85768127441406,178.95553588867188,172.61614990234375,387695
2024-01-12,EL.PA,179.816650390625,182.24343872070312,179.69923400878906,180.73648071289062,174.33401489257812,360983
2024-01-15,EL.PA,179.60137939453125,179.7187957763672,172.34060668945312,173.4365692138672,167.29269409179688,603535
2024-01-16,EL.PA,169.62025451660156,173.96498107910156,169.11141967773438,172.7907257080078,166.6697235107422,516073
2024-01-17,EL.PA,170.91192626953125,172.1253204345703,169.65939331054688,171.67518615722656,165.5937042236328,439635
2024-01-18,EL.PA,172.30145263671875,175.37408447265625,171.4207763671875,174.7673797607422,168.57635498046875,436804
2024-01-19,EL.PA,176.1569061279297,176.48960876464844,172.7320098876953,173.86712646484375,167.70799255371094,481034
2024-01-22,EL.PA,175.35450744628906,176.01991271972656,172.94729614257812,174.2976837158203,168.12330627441406,295145
2024-01-23,EL.PA,175.15879821777344,175.25665283203125,172.6537322998047,173.3778533935547,167.23605346679688,248976
2024-01-24,EL.PA,173.3778533935547,174.74781799316406,173.24085998535156,173.74969482421875,167.5947265625,380319
2024-01-25,EL.PA,173.88668823242188,174.51295471191406,172.88858032226562,174.51295471191406,168.33094787597656,283821
2024-01-26,EL.PA,175.5697784423828,176.39175415039062,174.61080932617188,175.98077392578125,169.74676513671875,391647
2024-01-29,EL.PA,175.17837524414062,178.50540161132812,174.00411987304688,178.29013061523438,171.9743194580078,454283
2024-01-30,EL.PA,179.07296752929688,180.83433532714844,178.4271240234375,179.07296752929688,172.72943115234375,397822
2024-01-31,EL.PA,178.56411743164062,180.16893005371094,178.3292694091797,178.3879852294922,172.06871032714844,468892
2024-02-01,EL.PA,178.6424102783203,180.4429168701172,177.8008575439453,178.75982666015625,172.42738342285156,309853
2024-02-02,EL.PA,179.36651611328125,180.05149841308594,176.84188842773438,176.84188842773438,170.57737731933594,280827
2024-02-05,EL.PA,176.13734436035156,178.15313720703125,176.13734436035156,177.44857788085938,171.16258239746094,234452
2024-02-06,EL.PA,178.13356018066406,180.14935302734375,177.29202270507812,179.89492797851562,173.5222625732422,258447
2024-02-07,EL.PA,179.9145050048828,182.00857543945312,179.62094116210938,181.40188598632812,174.97584533691406,422765
2024-02-08,EL.PA,182.0281524658203,183.73081970214844,180.658203125,182.6739959716797,176.20289611816406,304912
2024-02-09,EL.PA,182.79141235351562,185.27691650390625,182.79141235351562,184.2592315673828,177.7319793701172,330197
2024-02-12,EL.PA,184.65065002441406,188.13424682617188,184.45494079589844,186.9012908935547,180.28042602539062,391824
2024-02-13,EL.PA,186.1575927734375,186.35330200195312,183.57424926757812,184.37664794921875,177.84523010253906,431000
2024-02-14,EL.PA,183.76995849609375,186.9012908935547,183.76995849609375,186.62728881835938,180.01614379882812,312795
2024-02-15,EL.PA,178.87725830078125,189.60206604003906,177.58558654785156,184.0830841064453,177.5620574951172,893923
2024-02-16,EL.PA,183.82867431640625,184.27879333496094,180.71690368652344,183.3981170654297,176.90135192871094,748685
2024-02-19,EL.PA,182.47828674316406,185.10076904296875,181.57801818847656,184.7876434326172,178.2416534423828,266063
2024-02-20,EL.PA,183.86781311035156,185.68789672851562,183.04583740234375,184.47450256347656,177.9396209716797,329529
2024-02-21,EL.PA,184.2592315673828,186.49029541015625,183.80909729003906,185.374755859375,178.8079833984375,403983
2024-02-22,EL.PA,187.19485473632812,188.13424682617188,185.94232177734375,187.99725341796875,181.3375701904297,378614
2024-02-23,EL.PA,187.87982177734375,190.91329956054688,187.7624053955078,190.15003967285156,183.4141082763672,539384
2024-02-26,EL.PA,190.22833251953125,190.63931274414062,189.0345001220703,190.4631805419922,183.71615600585938,322277
2024-02-27,EL.PA,190.03262329101562,191.9309844970703,189.13235473632812,191.53956604003906,184.75440979003906,458695
2024-02-28,EL.PA,192.12669372558594,194.45562744140625,192.12669372558594,192.96824645996094,186.13247680664062,335412
2024-02-29,EL.PA,193.2617950439453,195.21888732910156,191.1285858154297,191.9505615234375,185.15084838867188,934285
2024-03-01,EL.PA,192.26368713378906,194.7687530517578,191.7352752685547,193.340087890625,186.49114990234375,271983
2024-03-04,EL.PA,193.9076385498047,195.5515899658203,193.340087890625,195.2384490966797,188.322265625,293827
2024-03-05,EL.PA,195.70816040039062,198.79055786132812,195.59072875976562,197.12704467773438,190.14395141601562,360092
2024-03-06,EL.PA,196.39312744140625,198.00772094726562,194.43605041503906,197.32273864746094,190.33270263671875,314935
2024-03-07,EL.PA,196.58883666992188,200.99227905273438,195.90386962890625,199.08412170410156,192.0316925048828,506490
2024-03-08,EL.PA,198.98626708984375,202.3133087158203,198.98626708984375,200.94334411621094,193.8250732421875,407826
2024-03-11,EL.PA,199.622314453125,201.13905334472656,198.88841247558594,200.35621643066406,193.25872802734375,377119
2024-03-12,EL.PA,200.94334411621094,201.67724609375,198.64378356933594,200.99227905273438,193.87225341796875,333813
2024-03-13,EL.PA,200.94334411621094,202.99827575683594,200.6497802734375,201.7751007080078,194.62734985351562,324748
2024-03-14,EL.PA,202.16651916503906,204.22146606445312,201.87295532226562,203.73219299316406,196.51510620117188,349874
2024-03-15,EL.PA,203.09613037109375,206.66781616210938,203.09613037109375,204.80857849121094,197.55337524414062,1083249
2024-03-18,EL.PA,204.31930541992188,204.5150146484375,201.62832641601562,202.65579223632812,195.4768524169922,382531
2024-03-19,EL.PA,203.3407745361328,205.2978515625,201.67724609375,205.2978515625,198.0253143310547,382177
2024-03-20,EL.PA,205.05322265625,207.0102996826172,203.9279022216797,205.59141540527344,198.3084716796875,414272
2024-03-21,EL.PA,206.27639770507812,206.81459045410156,203.3896942138672,206.12960815429688,198.82760620117188,330612
2024-03-22,EL.PA,205.64035034179688,206.2274627685547,203.5854034423828,204.22146606445312,196.98704528808594,342025
2024-03-25,EL.PA,204.66180419921875,206.3253173828125,203.53648376464844,205.1510772705078,197.8837432861328,301276
2024-03-26,EL.PA,205.3957061767578,206.27639770507812,204.07467651367188,205.24893188476562,197.97813415527344,334122
2024-03-27,EL.PA,205.49356079101562,207.4506378173828,205.49356079101562,206.3253173828125,199.01637268066406,374034
2024-03-28,EL.PA,205.49356079101562,206.71673583984375,204.6128692626953,205.1999969482422,197.93092346191406,412786
2024-04-02,EL.PA,204.1236114501953,207.352783203125,203.242919921875,204.0257568359375,196.79827880859375,444770
2024-04-03,EL.PA,204.1236114501953,206.56996154785156,202.65579223632812,205.88497924804688,198.59164428710938,445238
2024-04-04,EL.PA,206.0806884765625,207.84205627441406,197.86094665527344,201.18798828125,194.06103515625,526723
2024-04-05,EL.PA,197.95880126953125,198.9373321533203,196.29527282714844,198.9373321533203,191.89012145996094,610349
2024-04-08,EL.PA,199.03518676757812,204.22146606445312,198.8394775390625,202.4600830078125,195.28807067871094,473732
2024-04-09,EL.PA,200.11158752441406,201.38369750976562,197.76309204101562,199.32875061035156,192.26766967773438,342123
2024-04-10,EL.PA,200.11158752441406,200.5030059814453,195.46351623535156,197.07810974121094,190.0967559814453,505225
2024-04-11,EL.PA,197.07810974121094,200.4051513671875,196.7845458984375,198.8394775390625,191.7957305908203,469489
2024-04-12,EL.PA,200.20944213867188,202.75364685058594,197.4695281982422,198.4480743408203,191.41818237304688,454624
2024-04-15,EL.PA,198.4480743408203,201.7751007080078,198.2523651123047,199.42660522460938,192.36204528808594,349262
2024-04-16,EL.PA,196.98025512695312,199.7201690673828,196.001708984375,198.9373321533203,191.89012145996094,459589
2024-04-17,EL.PA,197.95880126953125,198.64378356933594,196.6866912841797,196.8824005126953,189.90797424316406,386843
2024-04-18,EL.PA,197.76309204101562,201.2858428955078,197.6652374267578,200.3072967529297,193.2115478515625,436768
2024-04-19,EL.PA,194.7296142578125,199.81802368164062,190.32618713378906,198.9373321533203,191.89012145996094,606565
2024-04-22,EL.PA,200.99227905273438,202.16651916503906,197.76309204101562,198.64378356933594,191.60696411132812,363721
2024-04-23,EL.PA,199.42660522460938,200.5030059814453,198.64378356933594,200.4051513671875,193.30592346191406,463957
2024-04-24,EL.PA,200.20944213867188,200.99227905273438,199.622314453125,200.3072967529297,193.2115478515625,536565
2024-04-25,EL.PA,200.5030059814453,200.89442443847656,196.8824005126953,197.27381896972656,190.2855224609375,518167
2024-04-26,EL.PA,198.54592895507812,199.42660522460938,196.8824005126953,198.9373321533203,191.89012145996094,340439
2024-04-29,EL.PA,199.622314453125,200.69871520996094,197.27381896972656,197.27381896972656,190.2855224609375,293374
2024-04-30,EL.PA,197.76309204101562,198.15451049804688,195.12103271484375,196.49098205566406,189.53041076660156,447445
2024-05-02,EL.PA,195.80601501464844,197.27381896972656,195.80601501464844,196.7845458984375,189.81358337402344,334122
2024-05-03,EL.PA,197.27381896972656,198.4480743408203,195.31674194335938,197.6652374267578,190.6630859375,419128
2024-05-06,EL.PA,198.39999389648438,199.5500030517578,195.89999389648438,198.39999389648438,195.27403259277344,296574
2024-05-07,EL.PA,198.89999389648438,204.8000030517578,198.75,204.8000030517578,201.5731964111328,531888
2024-05-08,EL.PA,204.5,205.60000610351562,202.6999969482422,204.0,200.78579711914062,347795
2024-05-09,EL.PA,203.3000030517578,205.89999389648438,202.6999969482422,205.60000610351562,202.360595703125,168763
2024-05-10,EL.PA,205.89999389648438,206.1999969482422,204.5,205.89999389648438,202.65585327148438,367887
2024-05-13,EL.PA,206.39999389648438,207.39999389648438,205.6999969482422,205.6999969482422,202.45901489257812,186471
2024-05-14,EL.PA,206.3000030517578,206.5,204.39999389648438,205.5,202.2621612548828,247738
2024-05-15,EL.PA,206.0,208.10000610351562,205.6999969482422,208.10000610351562,204.82119750976562,340899
2024-05-16,EL.PA,208.60000610351562,208.89999389648438,205.8000030517578,206.39999389648438,203.14797973632812,275498
2024-05-17,EL.PA,205.39999389648438,209.60000610351562,205.10000610351562,208.60000610351562,205.31332397460938,559308
2024-05-20,EL.PA,208.3000030517578,210.10000610351562,207.89999389648438,209.60000610351562,206.29757690429688,193650
2024-05-21,EL.PA,209.1999969482422,209.39999389648438,207.89999389648438,209.3000030517578,206.00228881835938,256589
2024-05-22,EL.PA,208.5,209.1999969482422,207.5,208.39999389648438,205.11647033691406,264832
2024-05-23,EL.PA,208.5,209.8000030517578,207.8000030517578,209.5,206.1991424560547,287394
2024-05-24,EL.PA,208.0,209.3000030517578,207.6999969482422,208.1999969482422,204.91961669921875,319452
2024-05-27,EL.PA,208.6999969482422,210.5,208.60000610351562,210.0,206.69126892089844,201217
2024-05-28,EL.PA,209.8000030517578,210.39999389648438,206.0,206.60000610351562,203.34483337402344,256567
2024-05-29,EL.PA,205.6999969482422,206.1999969482422,201.89999389648438,203.1999969482422,199.99839782714844,363554
2024-05-30,EL.PA,203.0,205.1999969482422,203.0,204.5,201.27792358398438,268089
2024-05-31,EL.PA,205.1999969482422,206.8000030517578,203.1999969482422,205.3000030517578,202.06532287597656,1201608
2024-06-03,EL.PA,207.1999969482422,207.89999389648438,205.1999969482422,205.1999969482422,201.96688842773438,274305
2024-06-04,EL.PA,204.60000610351562,207.1999969482422,202.39999389648438,205.3000030517578,202.06532287597656,472139
2024-06-05,EL.PA,206.5,210.5,206.3000030517578,208.1999969482422,204.91961669921875,358550
2024-06-06,EL.PA,210.0,210.0,206.89999389648438,207.8000030517578,204.5259246826172,368339
2024-06-07,EL.PA,208.0,209.5,207.3000030517578,208.8000030517578,205.5101776123047,323494
2024-06-10,EL.PA,206.5,207.8000030517578,205.3000030517578,207.8000030517578,204.5259246826172,419573
2024-06-11,EL.PA,208.10000610351562,209.8000030517578,205.10000610351562,206.0,202.75428771972656,326597
2024-06-12,EL.PA,207.0,209.39999389648438,205.89999389648438,208.6999969482422,205.4117431640625,327848
2024-06-13,EL.PA,208.5,208.8000030517578,206.0,206.3000030517578,203.049560546875,318844
2024-06-14,EL.PA,205.89999389648438,206.10000610351562,200.3000030517578,201.0,197.83306884765625,584890
2024-06-17,EL.PA,206.0,207.39999389648438,204.5,206.1999969482422,202.9511260986328,474410
2024-06-18,EL.PA,207.0,207.89999389648438,205.89999389648438,206.8000030517578,203.54168701171875,305774
2024-06-19,EL.PA,206.8000030517578,207.3000030517578,203.60000610351562,204.10000610351562,200.8842315673828,278541
2024-06-20,EL.PA,205.1999969482422,209.6999969482422,204.60000610351562,208.8000030517578,205.5101776123047,332128
2024-06-21,EL.PA,208.8000030517578,210.8000030517578,208.8000030517578,208.89999389648438,205.60858154296875,944597
2024-06-24,EL.PA,209.0,210.5,207.5,208.89999389648438,205.60858154296875,373755
2024-06-25,EL.PA,207.89999389648438,208.60000610351562,206.39999389648438,207.39999389648438,204.13221740722656,440006
2024-06-26,EL.PA,208.39999389648438,208.39999389648438,204.5,206.39999389648438,203.14797973632812,386561
2024-06-27,EL.PA,205.8000030517578,206.89999389648438,202.6999969482422,203.0,199.8015594482422,397098
2024-06-28,EL.PA,204.0,204.0,200.3000030517578,201.1999969482422,198.0299072265625,542156
2024-07-01,EL.PA,204.8000030517578,204.89999389648438,201.10000610351562,201.8000030517578,198.62046813964844,401486
2024-07-02,EL.PA,200.0,201.10000610351562,199.0,200.0,196.84881591796875,535918
2024-07-03,EL.PA,200.8000030517578,202.60000610351562,200.0,201.39999389648438,198.2267608642578,349886
2024-07-04,EL.PA,202.6999969482422,204.10000610351562,201.8000030517578,203.8000030517578,200.58895874023438,269589
2024-07-05,EL.PA,204.6999969482422,204.89999389648438,200.5,202.3000030517578,199.11257934570312,277242
2024-07-08,EL.PA,202.0,204.10000610351562,200.39999389648438,200.39999389648438,197.2425079345703,410238
2024-07-09,EL.PA,200.10000610351562,200.5,196.25,197.1999969482422,194.0929412841797,571662
2024-07-10,EL.PA,197.60000610351562,197.89999389648438,195.75,196.64999389648438,193.55160522460938,423316
2024-07-11,EL.PA,197.75,200.89999389648438,197.0500030517578,200.0,196.84881591796875,337436
2024-07-12,EL.PA,200.89999389648438,203.6999969482422,200.39999389648438,203.39999389648438,200.19525146484375,372120
2024-07-15,EL.PA,202.60000610351562,202.89999389648438,199.1999969482422,199.60000610351562,196.4551239013672,309723
2024-07-16,EL.PA,198.6999969482422,199.25,197.5500030517578,198.6999969482422,195.56930541992188,231801
2024-07-17,EL.PA,191.9499969482422,194.39999389648438,188.25,189.85000610351562,186.85874938964844,679829
2024-07-18,EL.PA,190.39999389648438,204.89999389648438,189.0,192.6999969482422,189.66383361816406,1205165
2024-07-19,EL.PA,194.5500030517578,195.4499969482422,192.3000030517578,192.85000610351562,189.8114776611328,654890
2024-07-22,EL.PA,194.5500030517578,198.39999389648438,193.9499969482422,196.8000030517578,193.69924926757812,580003
2024-07-23,EL.PA,196.85000610351562,199.0500030517578,195.89999389648438,197.0500030517578,193.94529724121094,249213
2024-07-24,EL.PA,195.8000030517578,197.10000610351562,194.5,195.60000610351562,192.51815795898438,322708
2024-07-25,EL.PA,195.60000610351562,196.1999969482422,190.25,192.85000610351562,189.8114776611328,486432
2024-07-26,EL.PA,205.8000030517578,209.1999969482422,202.89999389648438,207.10000610351562,203.8369598388672,707059
2024-07-29,EL.PA,206.10000610351562,211.5,205.8000030517578,207.60000610351562,204.32908630371094,588451
2024-07-30,EL.PA,209.60000610351562,213.3000030517578,209.1999969482422,212.1999969482422,208.85659790039062,533530
2024-07-31,EL.PA,212.1999969482422,214.89999389648438,210.8000030517578,211.6999969482422,208.36447143554688,695347
2024-08-01,EL.PA,211.0,213.0,210.3000030517578,211.0,207.67550659179688,395199
2024-08-02,EL.PA,210.0,211.5,207.1999969482422,208.39999389648438,205.11647033691406,523528
2024-08-05,EL.PA,204.5,208.0,203.1999969482422,207.5,204.23065185546875,649050
2024-08-06,EL.PA,206.60000610351562,208.39999389648438,205.3000030517578,207.0,203.738525390625,388128
2024-08-07,EL.PA,207.10000610351562,210.5,206.0,209.60000610351562,206.29757690429688,428469
2024-08-08,EL.PA,208.5,209.10000610351562,206.39999389648438,208.39999389648438,205.11647033691406,301024
2024-08-09,EL.PA,208.89999389648438,209.0,207.10000610351562,208.5,205.2148895263672,284599
2024-08-12,EL.PA,208.5,208.6999969482422,206.1999969482422,207.3000030517578,204.0338134765625,224565
2024-08-13,EL.PA,208.39999389648438,208.89999389648438,207.5,208.60000610351562,205.31332397460938,240569
2024-08-14,EL.PA,209.3000030517578,210.89999389648438,209.0,210.10000610351562,206.78968811035156,219760
2024-08-15,EL.PA,210.60000610351562,212.5,209.60000610351562,212.39999389648438,209.05343627929688,244507
2024-08-16,EL.PA,213.0,213.10000610351562,211.5,212.1999969482422,208.85659790039062,373648
2024-08-19,EL.PA,212.10000610351562,212.1999969482422,210.8000030517578,211.60000610351562,208.26605224609375,458595
2024-08-20,EL.PA,211.60000610351562,212.1999969482422,210.8000030517578,210.8000030517578,207.47866821289062,233144
2024-08-21,EL.PA,210.8000030517578,213.3000030517578,210.60000610351562,212.8000030517578,209.4471435546875,226262
2024-08-22,EL.PA,212.89999389648438,215.6999969482422,212.8000030517578,214.0,210.62823486328125,253402
2024-08-23,EL.PA,214.5,215.3000030517578,213.6999969482422,214.89999389648438,211.51405334472656,258321
2024-08-26,EL.PA,214.6999969482422,216.1999969482422,214.1999969482422,214.39999389648438,211.0219268798828,193673
2024-08-27,EL.PA,214.6999969482422,214.8000030517578,213.0,213.39999389648438,210.03768920898438,369308
2024-08-28,EL.PA,214.39999389648438,215.6999969482422,213.6999969482422,214.8000030517578,211.41563415527344,263161
2024-08-29,EL.PA,214.39999389648438,216.3000030517578,214.39999389648438,215.39999389648438,212.0061798095703,233536
2024-08-30,EL.PA,214.0,217.1999969482422,214.0,214.1999969482422,210.82508850097656,932584
2024-09-02,EL.PA,213.6999969482422,215.5,212.89999389648438,215.1999969482422,211.809326171875,179683
2024-09-03,EL.PA,218.3000030517578,219.0,215.3000030517578,215.5,212.10459899902344,290227
2024-09-04,EL.PA,212.60000610351562,215.5,212.60000610351562,213.6999969482422,210.3329620361328,346035
2024-09-05,EL.PA,213.5,213.5,208.1999969482422,208.1999969482422,204.91961669921875,477732
2024-09-06,EL.PA,209.0,211.60000610351562,207.60000610351562,208.8000030517578,205.5101776123047,555619
2024-09-09,EL.PA,209.1999969482422,212.0,209.10000610351562,211.5,208.16763305664062,379800
2024-09-10,EL.PA,210.5,210.5,208.10000610351562,210.3000030517578,206.98654174804688,389811
2024-09-11,EL.PA,210.1999969482422,210.89999389648438,209.0,209.3000030517578,206.00228881835938,453262
2024-09-12,EL.PA,212.10000610351562,212.10000610351562,207.89999389648438,208.8000030517578,205.5101776123047,529135
2024-09-13,EL.PA,209.39999389648438,210.10000610351562,207.6999969482422,208.8000030517578,205.5101776123047,484636
2024-09-16,EL.PA,208.0,209.6999969482422,207.6999969482422,208.10000610351562,204.82119750976562,355369
2024-09-17,EL.PA,208.3000030517578,209.39999389648438,205.3000030517578,205.5,202.2621612548828,619359
2024-09-18,EL.PA,205.10000610351562,207.39999389648438,204.39999389648438,204.8000030517578,201.5731964111328,415003
2024-09-19,EL.PA,207.89999389648438,208.5,206.0,208.3000030517578,205.01805114746094,394889
2024-09-20,EL.PA,207.6999969482422,208.1999969482422,203.39999389648438,203.39999389648438,200.19525146484375,1351028
2024-09-23,EL.PA,203.0,204.1999969482422,202.10000610351562,203.39999389648438,200.19525146484375,316554
2024-09-24,EL.PA,206.0,207.0,204.39999389648438,205.89999389648438,202.65585327148438,260317
2024-09-25,EL.PA,205.10000610351562,207.60000610351562,204.60000610351562,206.0,202.75428771972656,326876
2024-09-26,EL.PA,207.8000030517578,210.1999969482422,203.1999969482422,208.60000610351562,205.31332397460938,777745
2024-09-27,EL.PA,209.60000610351562,213.39999389648438,209.1999969482422,213.39999389648438,210.03768920898438,549162
2024-09-30,EL.PA,213.0,217.60000610351562,212.5,212.60000610351562,209.25030517578125,510732
2024-10-01,EL.PA,213.3000030517578,214.0,210.1999969482422,211.39999389648438,208.06919860839844,367223
2024-10-02,EL.PA,211.0,212.3000030517578,210.3000030517578,212.10000610351562,208.7581787109375,484802
2024-10-03,EL.PA,211.10000610351562,211.10000610351562,207.39999389648438,207.89999389648438,204.6243438720703,315698
2024-10-04,EL.PA,207.3000030517578,211.39999389648438,207.0,210.0,206.69126892089844,446200
2024-10-07,EL.PA,212.5,213.5,210.0,212.39999389648438,209.05343627929688,501679
2024-10-08,EL.PA,212.3000030517578,214.0,211.6999969482422,213.10000610351562,209.742431640625,382563
2024-10-09,EL.PA,214.10000610351562,214.60000610351562,212.6999969482422,213.60000610351562,210.2345428466797,293455
2024-10-10,EL.PA,213.0,213.6999969482422,209.8000030517578,210.89999389648438,207.5770721435547,430563
2024-10-11,EL.PA,210.5,214.10000610351562,210.39999389648438,213.89999389648438,210.52981567382812,279429
2024-10-14,EL.PA,213.5,215.6999969482422,213.1999969482422,215.60000610351562,212.20303344726562,256220
2024-10-15,EL.PA,217.0,217.89999389648438,214.8000030517578,216.1999969482422,212.7935791015625,519248
2024-10-16,EL.PA,216.0,217.0,213.89999389648438,215.5,212.10459899902344,367466
2024-10-17,EL.PA,216.10000610351562,217.3000030517578,214.6999969482422,215.89999389648438,212.498291015625,427828
2024-10-18,EL.PA,212.6999969482422,217.1999969482422,210.10000610351562,216.89999389648438,213.4825439453125,624397
2024-10-21,EL.PA,216.0,217.8000030517578,215.89999389648438,217.60000610351562,214.17152404785156,522831
2024-10-22,EL.PA,218.39999389648438,222.60000610351562,217.89999389648438,221.89999389648438,218.4037628173828,579290
2024-10-23,EL.PA,220.39999389648438,222.10000610351562,220.10000610351562,220.39999389648438,216.92739868164062,339438
2024-10-24,EL.PA,221.5,221.6999969482422,219.60000610351562,219.60000610351562,216.1400146484375,460617
2024-10-25,EL.PA,219.5,220.1999969482422,218.8000030517578,219.5,216.0415802001953,383720
2024-10-28,EL.PA,219.60000610351562,221.0,217.8000030517578,218.10000610351562,214.6636505126953,682894
2024-10-29,EL.PA,218.6999969482422,219.60000610351562,215.8000030517578,215.8000030517578,212.39988708496094,668572
2024-10-30,EL.PA,214.10000610351562,214.39999389648438,211.8000030517578,213.89999389648438,210.52981567382812,433165
2024-10-31,EL.PA,212.8000030517578,215.39999389648438,212.10000610351562,215.39999389648438,212.0061798095703,908683
2024-11-01,EL.PA,215.39999389648438,217.6999969482422,214.89999389648438,217.0,213.5809783935547,388915
2024-11-04,EL.PA,218.0,226.89999389648438,217.60000610351562,223.60000610351562,220.07699584960938,1002869
2024-11-05,EL.PA,223.8000030517578,224.39999389648438,221.8000030517578,223.60000610351562,220.07699584960938,383405
2024-11-06,EL.PA,226.10000610351562,232.0,224.60000610351562,226.0,222.4391632080078,737268
2024-11-07,EL.PA,226.0,228.6999969482422,225.39999389648438,228.0,224.40765380859375,654230
2024-11-08,EL.PA,228.10000610351562,229.10000610351562,226.1999969482422,227.6999969482422,224.1123809814453,395724
2024-11-11,EL.PA,229.5,232.1999969482422,229.1999969482422,231.0,227.36038208007812,455453
2024-11-12,EL.PA,228.6999969482422,229.3000030517578,226.0,226.3000030517578,222.7344512939453,514107
2024-11-13,EL.PA,225.39999389648438,227.39999389648438,223.89999389648438,225.8000030517578,222.24232482910156,460014
2024-11-14,EL.PA,225.8000030517578,229.6999969482422,225.10000610351562,229.1999969482422,225.5887451171875,633432
2024-11-15,EL.PA,227.10000610351562,230.10000610351562,226.6999969482422,229.0,225.39190673828125,494000
2024-11-18,EL.PA,229.0,229.60000610351562,227.6999969482422,229.60000610351562,225.98245239257812,468659
2024-11-19,EL.PA,229.60000610351562,234.3000030517578,228.8000030517578,234.3000030517578,230.6083984375,1100846
2024-11-20,EL.PA,235.60000610351562,236.3000030517578,233.0,233.8000030517578,230.11627197265625,630049
2024-11-21,EL.PA,233.10000610351562,234.1999969482422,230.6999969482422,232.39999389648438,228.7383270263672,559745
2024-11-22,EL.PA,233.3000030517578,236.89999389648438,231.89999389648438,235.3000030517578,231.59263610839844,456715
2024-11-25,EL.PA,236.5,237.89999389648438,232.6999969482422,234.39999389648438,230.70681762695312,1116965
2024-11-26,EL.PA,232.89999389648438,233.8000030517578,231.39999389648438,231.39999389648438,227.7540740966797,469286
2024-11-27,EL.PA,230.60000610351562,231.3000030517578,229.0,230.3000030517578,226.67141723632812,325072
2024-11-28,EL.PA,231.60000610351562,232.3000030517578,228.10000610351562,228.5,224.8997802734375,413372
2024-11-29,EL.PA,227.5,229.89999389648438,227.1999969482422,229.8000030517578,226.17930603027344,430240
2024-12-02,EL.PA,228.0,232.39999389648438,228.0,230.8000030517578,227.16354370117188,374860
2024-12-03,EL.PA,227.60000610351562,230.10000610351562,226.60000610351562,228.5,224.8997802734375,535176
2024-12-04,EL.PA,229.10000610351562,230.39999389648438,228.60000610351562,229.5,225.88401794433594,313177
2024-12-05,EL.PA,230.1999969482422,231.5,229.5,229.8000030517578,226.17930603027344,311931
2024-12-06,EL.PA,229.3000030517578,231.89999389648438,228.60000610351562,230.60000610351562,226.96669006347656,346832
2024-12-09,EL.PA,231.0,231.39999389648438,228.6999969482422,229.89999389648438,226.2777099609375,393186
2024-12-10,EL.PA,230.10000610351562,230.6999969482422,226.60000610351562,226.60000610351562,223.02972412109375,359763
2024-12-11,EL.PA,226.89999389648438,231.3000030517578,226.5,231.3000030517578,227.65567016601562,352456
2024-12-12,EL.PA,231.1999969482422,233.39999389648438,230.39999389648438,231.1999969482422,227.55723571777344,351387
2024-12-13,EL.PA,232.5,233.1999969482422,230.10000610351562,231.1999969482422,227.55723571777344,505731
2024-12-16,EL.PA,231.39999389648438,235.60000610351562,230.89999389648438,234.10000610351562,230.4115447998047,505098
2024-12-17,EL.PA,232.60000610351562,234.60000610351562,232.60000610351562,233.3000030517578,229.62416076660156,485083
2024-12-18,EL.PA,234.0,235.8000030517578,233.10000610351562,234.5,230.80523681640625,450718
2024-12-19,EL.PA,233.0,234.6999969482422,230.1999969482422,231.89999389648438,228.24620056152344,494469
2024-12-20,EL.PA,230.3000030517578,231.39999389648438,228.10000610351562,231.1999969482422,227.55723571777344,1034320
2024-12-23,EL.PA,230.0,232.8000030517578,230.0,232.10000610351562,228.4430694580078,347337
2024-12-24,EL.PA,231.8000030517578,233.0,231.8000030517578,231.89999389648438,228.24620056152344,133238
2024-12-27,EL.PA,230.6999969482422,234.5,230.39999389648438,234.5,230.80523681640625,364184
2024-12-30,EL.PA,233.39999389648438,235.1999969482422,231.89999389648438,232.3000030517578,228.63990783691406,350296
2024-12-31,EL.PA,231.10000610351562,235.60000610351562,231.10000610351562,235.60000610351562,231.88792419433594,163474
2025-01-02,EL.PA,234.3000030517578,235.39999389648438,230.0,234.1999969482422,230.5099639892578,471812
2025-01-03,EL.PA,233.0,234.0,229.5,230.1999969482422,226.572998046875,395127
2025-01-06,EL.PA,230.1999969482422,233.39999389648438,229.3000030517578,233.0,229.32887268066406,516872
2025-01-07,EL.PA,231.3000030517578,236.1999969482422,231.3000030517578,234.8000030517578,231.10052490234375,502149
2025-01-08,EL.PA,235.0,236.3000030517578,231.5,233.8000030517578,230.11627197265625,414519
2025-01-09,EL.PA,233.39999389648438,236.39999389648438,233.10000610351562,235.60000610351562,231.88792419433594,328142
2025-01-10,EL.PA,235.60000610351562,236.89999389648438,233.39999389648438,235.10000610351562,231.3957977294922,426973
2025-01-13,EL.PA,234.10000610351562,235.1999969482422,233.10000610351562,233.39999389648438,229.72256469726562,389077
2025-01-14,EL.PA,235.0,236.8000030517578,233.5,233.5,229.8209991455078,516319
2025-01-15,EL.PA,234.10000610351562,238.0,232.8000030517578,236.6999969482422,232.9705810546875,584648
2025-01-16,EL.PA,237.39999389648438,241.3000030517578,237.39999389648438,240.1999969482422,236.41543579101562,574169
2025-01-17,EL.PA,241.1999969482422,244.89999389648438,240.39999389648438,244.10000610351562,240.25399780273438,622473
2025-01-20,EL.PA,245.0,245.89999389648438,244.39999389648438,245.10000610351562,241.2382354736328,515104
2025-01-21,EL.PA,245.39999389648438,250.0,244.60000610351562,250.0,246.06101989746094,608894
2025-01-22,EL.PA,250.8000030517578,257.0,250.8000030517578,253.5,249.50587463378906,899109
2025-01-23,EL.PA,253.89999389648438,255.3000030517578,252.39999389648438,254.5,250.49012756347656,458685
2025-01-24,EL.PA,255.1999969482422,256.29998779296875,252.5,256.1000061035156,252.06492614746094,592595
2025-01-27,EL.PA,255.0,257.6000061035156,253.10000610351562,257.6000061035156,253.54129028320312,585707
2025-01-28,EL.PA,257.1000061035156,260.3999938964844,257.1000061035156,259.5,255.41134643554688,463094
2025-01-29,EL.PA,262.20001220703125,263.70001220703125,261.5,263.29998779296875,259.1514587402344,490106
2025-01-30,EL.PA,263.70001220703125,265.5,261.1000061035156,265.1000061035156,260.9231262207031,612049
2025-01-31,EL.PA,265.3999938964844,266.79998779296875,264.79998779296875,265.70001220703125,261.513671875,605070
2025-02-03,EL.PA,261.5,264.8999938964844,261.0,264.0,259.8404541015625,619514
2025-02-04,EL.PA,264.1000061035156,269.3999938964844,263.3999938964844,268.70001220703125,264.4664001464844,503826
2025-02-05,EL.PA,269.6000061035156,271.5,267.70001220703125,271.1000061035156,266.8285827636719,395081
2025-02-06,EL.PA,272.5,272.79998779296875,269.29998779296875,270.70001220703125,266.4349060058594,536645
2025-02-07,EL.PA,269.8999938964844,271.20001220703125,269.0,269.8999938964844,265.6474914550781,600154
2025-02-10,EL.PA,269.29998779296875,272.79998779296875,269.29998779296875,272.29998779296875,268.0096435546875,485188
2025-02-11,EL.PA,275.79998779296875,277.79998779296875,274.8999938964844,277.0,272.6356201171875,584593
2025-02-12,EL.PA,277.5,278.1000061035156,273.3999938964844,276.0,271.6513671875,693900
2025-02-13,EL.PA,280.0,295.79998779296875,280.0,295.79998779296875,291.139404296875,1079349
2025-02-14,EL.PA,291.6000061035156,298.0,291.5,294.5,289.8598937988281,819143
2025-02-17,EL.PA,294.1000061035156,294.79998779296875,289.8999938964844,294.1000061035156,289.4661865234375,515380
2025-02-18,EL.PA,294.70001220703125,296.29998779296875,291.0,294.6000061035156,289.95831298828125,544612
2025-02-19,EL.PA,295.1000061035156,296.20001220703125,292.29998779296875,293.8999938964844,289.26934814453125,650338
2025-02-20,EL.PA,292.1000061035156,294.29998779296875,291.79998779296875,292.5,287.8913879394531,554818
2025-02-21,EL.PA,293.8999938964844,294.0,289.79998779296875,290.8999938964844,286.3166198730469,802344
2025-02-24,EL.PA,290.5,292.20001220703125,287.29998779296875,287.3999938964844,282.87176513671875,508264
2025-02-25,EL.PA,286.20001220703125,287.70001220703125,279.3999938964844,279.3999938964844,274.997802734375,720718
2025-02-26,EL.PA,281.70001220703125,282.79998779296875,279.0,282.3999938964844,277.9505310058594,674177
2025-02-27,EL.PA,280.20001220703125,289.6000061035156,280.0,288.3999938964844,283.8559875488281,570712
2025-02-28,EL.PA,286.1000061035156,288.0,284.6000061035156,286.8999938964844,282.379638671875,1423291
2025-03-03,EL.PA,286.29998779296875,289.5,282.79998779296875,287.20001220703125,282.6749267578125,533511
2025-03-04,EL.PA,285.8999938964844,288.3999938964844,284.20001220703125,285.3999938964844,280.90325927734375,618560
2025-03-05,EL.PA,287.5,287.70001220703125,279.6000061035156,280.20001220703125,275.78521728515625,749266
2025-03-06,EL.PA,281.79998779296875,281.79998779296875,266.6000061035156,271.5,267.2222900390625,1016499
2025-03-07,EL.PA,269.79998779296875,273.0,266.79998779296875,272.0,267.7143859863281,659777
2025-03-10,EL.PA,274.5,276.3999938964844,272.3999938964844,273.29998779296875,268.993896484375,720725
2025-03-11,EL.PA,274.3999938964844,275.3999938964844,264.70001220703125,265.5,261.3168029785156,990741
2025-03-12,EL.PA,267.6000061035156,270.3999938964844,266.0,270.0,265.74591064453125,461956
2025-03-13,EL.PA,269.3999938964844,269.8999938964844,261.5,262.6000061035156,258.4624938964844,814073
2025-03-14,EL.PA,262.8999938964844,264.20001220703125,260.8999938964844,261.3999938964844,257.2814025878906,875939
2025-03-17,EL.PA,262.0,264.29998779296875,261.20001220703125,263.6000061035156,259.4467468261719,410518
2025-03-18,EL.PA,265.1000061035156,265.79998779296875,262.0,263.5,259.34832763671875,615436
2025-03-19,EL.PA,262.70001220703125,265.20001220703125,261.70001220703125,265.20001220703125,261.02154541015625,455329
2025-03-20,EL.PA,265.79998779296875,266.1000061035156,263.1000061035156,266.1000061035156,261.9073486328125,500446
2025-03-21,EL.PA,264.29998779296875,267.3999938964844,262.5,267.3999938964844,263.1868591308594,1372973
2025-03-24,EL.PA,269.70001220703125,270.5,266.20001220703125,270.5,266.238037109375,616054
2025-03-25,EL.PA,271.29998779296875,277.70001220703125,271.1000061035156,277.20001220703125,272.8324890136719,740285
2025-03-26,EL.PA,275.70001220703125,275.8999938964844,271.8999938964844,273.20001220703125,268.8955078125,400744
2025-03-27,EL.PA,271.70001220703125,272.70001220703125,267.8999938964844,269.29998779296875,265.0569152832031,583340
2025-03-28,EL.PA,269.6000061035156,270.20001220703125,264.8999938964844,266.6000061035156,262.39947509765625,525076
2025-03-31,EL.PA,265.6000061035156,268.0,262.70001220703125,265.3999938964844,261.2183837890625,626311
2025-04-01,EL.PA,268.1000061035156,269.5,265.79998779296875,267.3999938964844,263.1868591308594,400177
2025-04-02,EL.PA,267.0,268.6000061035156,264.3999938964844,267.6000061035156,263.38372802734375,467235
2025-04-03,EL.PA,258.20001220703125,258.3999938964844,244.10000610351562,248.3000030517578,244.3878173828125,1230016
2025-04-04,EL.PA,245.8000030517578,249.5,239.60000610351562,243.39999389648438,239.56500244140625,1358990
2025-04-07,EL.PA,232.1999969482422,247.10000610351562,225.89999389648438,232.89999389648438,229.23045349121094,1698535
2025-04-08,EL.PA,237.0,244.39999389648438,234.5,241.8000030517578,237.990234375,909731
2025-04-09,EL.PA,232.3000030517578,238.8000030517578,232.0,233.89999389648438,230.21469116210938,973610
2025-04-10,EL.PA,255.39999389648438,257.79998779296875,242.0,242.0,238.18707275390625,1142568
2025-04-11,EL.PA,243.5,246.5,239.60000610351562,241.1999969482422,237.39967346191406,801527
2025-04-14,EL.PA,246.10000610351562,249.1999969482422,244.89999389648438,247.10000610351562,243.20672607421875,696308
2025-04-15,EL.PA,247.3000030517578,251.8000030517578,247.3000030517578,251.1999969482422,247.2421112060547,527380
2025-04-16,EL.PA,249.3000030517578,250.3000030517578,246.8000030517578,249.8000030517578,245.8641815185547,649432
2025-04-17,EL.PA,248.39999389648438,249.3000030517578,246.60000610351562,247.3000030517578,243.403564453125,556740
2025-04-22,EL.PA,248.10000610351562,253.6999969482422,245.8000030517578,253.1999969482422,249.21060180664062,505607
2025-04-23,EL.PA,255.0,259.1000061035156,254.8000030517578,257.29998779296875,253.24600219726562,838272
2025-04-24,EL.PA,255.60000610351562,255.8000030517578,247.89999389648438,252.0,248.02951049804688,639097
2025-04-25,EL.PA,253.10000610351562,255.3000030517578,250.89999389648438,253.3000030517578,249.3090362548828,534593
2025-04-28,EL.PA,253.5,254.3000030517578,249.8000030517578,250.10000610351562,246.15945434570312,617135
2025-04-29,EL.PA,251.10000610351562,253.1999969482422,249.3000030517578,250.39999389648438,246.4547119140625,637136
2025-04-30,EL.PA,251.0,254.10000610351562,250.60000610351562,252.6999969482422,248.71849060058594,820211
2025-05-02,EL.PA,255.3000030517578,257.8999938964844,254.1999969482422,257.5,253.44285583496094,666880
2025-05-05,EL.PA,256.70001220703125,258.5,256.0,256.8999938964844,252.85231018066406,182321
2025-05-06,EL.PA,256.8999938964844,257.20001220703125,250.6999969482422,250.6999969482422,246.75,448597
2025-05-07,EL.PA,247.39999389648438,248.3000030517578,243.3000030517578,243.6999969482422,243.6999969482422,729324
2025-05-08,EL.PA,243.5,246.60000610351562,243.0500030517578,244.10000610351562,244.10000610351562,542795
2025-05-09,EL.PA,245.0,246.5,242.3000030517578,242.3000030517578,242.3000030517578,779629
2025-05-12,EL.PA,246.0,252.60000610351562,245.8000030517578,249.10000610351562,249.10000610351562,952217
2025-05-13,EL.PA,249.10000610351562,254.6999969482422,249.10000610351562,254.6999969482422,254.6999969482422,830966
2025-05-14,EL.PA,254.8000030517578,255.1999969482422,249.8000030517578,249.89999389648438,249.89999389648438,590134
2025-05-15,EL.PA,249.5,253.5,248.6999969482422,253.1999969482422,253.1999969482422,573651
2025-05-16,EL.PA,254.8000030517578,264.1000061035156,254.39999389648438,260.70001220703125,260.70001220703125,808212
2025-05-19,EL.PA,260.8999938964844,261.5,259.0,260.5,260.5,453853
2025-05-20,EL.PA,261.70001220703125,262.20001220703125,259.79998779296875,261.3999938964844,261.3999938964844,446493
2025-05-21,EL.PA,260.20001220703125,261.1000061035156,258.8999938964844,260.3999938964844,260.3999938964844,423282
2025-05-22,EL.PA,258.6000061035156,263.70001220703125,258.5,262.6000061035156,262.6000061035156,459680
2025-05-23,EL.PA,263.70001220703125,265.29998779296875,246.6999969482422,250.0,250.0,817476
2025-05-26,EL.PA,255.0,256.1000061035156,252.89999389648438,255.1999969482422,255.1999969482422,406878
2025-05-27,EL.PA,255.1999969482422,256.5,252.8000030517578,253.1999969482422,253.1999969482422,2413615
2025-05-28,EL.PA,251.5,253.0,247.5,247.60000610351562,247.60000610351562,628414
2025-05-29,EL.PA,251.1999969482422,253.3000030517578,247.5,247.6999969482422,247.6999969482422,293293
2025-05-30,EL.PA,248.89999389648438,250.89999389648438,244.10000610351562,244.6999969482422,244.6999969482422,1804077
2025-06-02,EL.PA,243.8000030517578,245.60000610351562,241.5,245.10000610351562,245.10000610351562,452194
2025-06-03,EL.PA,246.39999389648438,246.5,243.10000610351562,244.6999969482422,244.6999969482422,482806
2025-06-04,EL.PA,246.3000030517578,246.3000030517578,242.10000610351562,243.89999389648438,243.89999389648438,488033
2025-06-05,EL.PA,245.5,250.1999969482422,244.8000030517578,245.5,245.5,445273
2025-06-06,EL.PA,245.39999389648438,249.3000030517578,245.39999389648438,248.3000030517578,248.3000030517578,299538
2025-06-09,EL.PA,247.5,250.0,247.10000610351562,249.3000030517578,249.3000030517578,360288
2025-06-10,EL.PA,249.8000030517578,251.6999969482422,249.0,251.39999389648438,251.39999389648438,600099
2025-06-11,EL.PA,251.3000030517578,252.0,249.3000030517578,250.0,250.0,474278
2025-06-12,EL.PA,247.8000030517578,248.3000030517578,244.8000030517578,246.6999969482422,246.6999969482422,379941
2025-06-13,EL.PA,241.8000030517578,243.6999969482422,240.39999389648438,242.0,242.0,680251
2025-06-16,EL.PA,242.60000610351562,244.39999389648438,241.5,242.8000030517578,242.8000030517578,612637
2025-06-17,EL.PA,240.0,241.1999969482422,239.10000610351562,240.5,240.5,527272
2025-06-18,EL.PA,239.6999969482422,242.39999389648438,239.1999969482422,241.39999389648438,241.39999389648438,460754
2025-06-19,EL.PA,239.10000610351562,241.10000610351562,238.1999969482422,240.3000030517578,240.3000030517578,373909
2025-06-20,EL.PA,241.60000610351562,243.10000610351562,240.0,240.8000030517578,240.8000030517578,2019539
2025-06-23,EL.PA,239.5,242.3000030517578,239.39999389648438,240.6999969482422,240.6999969482422,290129
2025-06-24,EL.PA,246.3000030517578,247.0,241.3000030517578,242.39999389648438,242.39999389648438,532979
2025-06-25,EL.PA,242.8000030517578,243.10000610351562,237.6999969482422,238.10000610351562,238.10000610351562,450659
2025-06-26,EL.PA,236.60000610351562,238.1999969482422,230.9499969482422,231.10000610351562,231.10000610351562,884472
2025-06-27,EL.PA,232.0,235.0,231.5,234.3000030517578,234.3000030517578,528591
2025-06-30,EL.PA,234.5,235.60000610351562,232.8000030517578,232.89999389648438,232.89999389648438,591065
2025-07-01,EL.PA,233.8000030517578,235.5,231.8000030517578,234.89999389648438,234.89999389648438,412773
2025-07-02,EL.PA,237.0,237.89999389648438,234.1999969482422,236.6999969482422,236.6999969482422,430902
2025-07-03,EL.PA,236.6999969482422,237.8000030517578,234.1999969482422,235.60000610351562,235.60000610351562,332203
2025-07-04,EL.PA,233.6999969482422,234.39999389648438,232.3000030517578,233.39999389648438,233.39999389648438,378375
2025-07-07,EL.PA,234.0,237.1999969482422,232.5,236.89999389648438,236.89999389648438,269896
2025-07-08,EL.PA,236.89999389648438,240.1999969482422,235.89999389648438,239.39999389648438,239.39999389648438,392256
2025-07-09,EL.PA,248.0,256.5,246.8000030517578,252.89999389648438,252.89999389648438,803978
2025-07-10,EL.PA,252.89999389648438,254.89999389648438,249.0,250.0,250.0,449466
2025-07-11,EL.PA,248.39999389648438,249.3000030517578,241.8000030517578,242.39999389648438,242.39999389648438,531674
2025-07-14,EL.PA,239.60000610351562,243.8000030517578,238.5,243.8000030517578,243.8000030517578,262402
2025-07-15,EL.PA,243.8000030517578,244.89999389648438,242.0,242.1999969482422,242.1999969482422,316264
2025-07-16,EL.PA,242.39999389648438,247.6999969482422,242.10000610351562,242.89999389648438,242.89999389648438,423592
2025-07-17,EL.PA,244.10000610351562,244.6999969482422,242.5,244.1999969482422,244.1999969482422,321320
2025-07-18,EL.PA,245.39999389648438,246.89999389648438,242.5,243.8000030517578,243.8000030517578,272641
2025-07-21,EL.PA,243.89999389648438,244.60000610351562,242.3000030517578,243.5,243.5,272384
2025-07-22,EL.PA,242.0,244.10000610351562,241.39999389648438,242.3000030517578,242.3000030517578,248595
2025-07-23,EL.PA,246.1999969482422,247.5,244.10000610351562,246.1999969482422,246.1999969482422,453252
2025-07-24,EL.PA,249.39999389648438,249.89999389648438,245.8000030517578,247.1999969482422,247.1999969482422,358514
2025-07-25,EL.PA,247.0,251.1999969482422,246.5,249.6999969482422,249.6999969482422,379822
2025-07-28,EL.PA,253.3000030517578,254.60000610351562,246.10000610351562,246.1999969482422,246.1999969482422,381844
2025-07-29,EL.PA,257.20001220703125,265.0,255.8000030517578,263.20001220703125,263.20001220703125,904568
2025-07-30,EL.PA,260.20001220703125,264.1000061035156,258.29998779296875,258.29998779296875,258.29998779296875,516814
2025-07-31,EL.PA,260.79998779296875,265.3999938964844,259.20001220703125,260.6000061035156,260.6000061035156,660870
2025-08-01,EL.PA,259.5,260.8999938964844,254.39999389648438,255.3000030517578,255.3000030517578,608013
2025-08-04,EL.PA,256.1000061035156,258.29998779296875,254.0,256.20001220703125,256.20001220703125,368299
2025-08-05,EL.PA,256.6000061035156,257.20001220703125,252.8000030517578,252.89999389648438,252.89999389648438,349052
2025-08-06,EL.PA,253.1999969482422,253.3000030517578,248.3000030517578,249.3000030517578,249.3000030517578,347856
2025-08-07,EL.PA,249.3000030517578,254.39999389648438,248.89999389648438,252.1999969482422,252.1999969482422,327869
2025-08-08,EL.PA,253.8000030517578,254.8000030517578,252.3000030517578,252.89999389648438,252.89999389648438,292156
2025-08-11,EL.PA,254.60000610351562,254.60000610351562,251.6999969482422,251.6999969482422,251.6999969482422,274432
2025-08-12,EL.PA,252.8000030517578,254.1999969482422,251.0,253.8000030517578,253.8000030517578,331701
2025-08-13,EL.PA,254.39999389648438,262.79998779296875,254.10000610351562,261.8999938964844,261.8999938964844,491656
2025-08-14,EL.PA,261.79998779296875,264.1000061035156,261.20001220703125,263.1000061035156,263.1000061035156,327758
2025-08-15,EL.PA,266.0,268.8999938964844,264.79998779296875,267.5,267.5,529619
2025-08-18,EL.PA,267.20001220703125,268.6000061035156,265.6000061035156,267.79998779296875,267.79998779296875,253966
2025-08-19,EL.PA,267.6000061035156,273.20001220703125,267.5,271.79998779296875,271.79998779296875,292127
2025-08-20,EL.PA,271.1000061035156,275.70001220703125,270.70001220703125,275.5,275.5,420520
2025-08-21,EL.PA,274.8999938964844,275.20001220703125,270.6000061035156,272.0,272.0,341957
2025-08-22,EL.PA,270.3999938964844,273.1000061035156,270.3999938964844,272.0,272.0,255738
2025-08-25,EL.PA,271.5,271.8999938964844,269.1000061035156,269.20001220703125,269.20001220703125,188628
2025-08-26,EL.PA,265.70001220703125,269.79998779296875,264.6000061035156,265.8999938964844,265.8999938964844,823866
2025-08-27,EL.PA,266.0,268.3999938964844,265.29998779296875,266.5,266.5,411800
2025-08-28,EL.PA,266.5,266.8999938964844,261.70001220703125,263.3999938964844,263.3999938964844,351943
2025-08-29,EL.PA,263.20001220703125,263.79998779296875,259.1000061035156,260.20001220703125,260.20001220703125,468613
2025-09-01,EL.PA,261.1000061035156,261.29998779296875,258.20001220703125,258.70001220703125,258.70001220703125,346465
2025-09-02,EL.PA,258.3999938964844,259.70001220703125,254.8000030517578,257.1000061035156,257.1000061035156,426128
2025-09-03,EL.PA,257.6000061035156,259.1000061035156,255.89999389648438,258.0,258.0,335009
2025-09-04,EL.PA,257.6000061035156,260.20001220703125,257.29998779296875,260.20001220703125,260.20001220703125,267502
2025-09-05,EL.PA,260.29998779296875,261.5,257.29998779296875,259.6000061035156,259.6000061035156,359025
2025-09-08,EL.PA,259.0,262.8999938964844,257.79998779296875,262.0,262.0,288723
2025-09-09,EL.PA,263.0,263.0,259.29998779296875,260.0,260.0,330970
2025-09-10,EL.PA,264.29998779296875,271.70001220703125,262.79998779296875,265.1000061035156,265.1000061035156,569617
2025-09-11,EL.PA,264.70001220703125,269.20001220703125,264.20001220703125,266.6000061035156,266.6000061035156,281382
2025-09-12,EL.PA,266.0,266.1000061035156,262.0,264.70001220703125,264.70001220703125,327208
2025-09-15,EL.PA,265.1000061035156,268.6000061035156,265.1000061035156,266.5,266.5,263437
2025-09-16,EL.PA,266.29998779296875,273.29998779296875,266.20001220703125,270.6000061035156,270.6000061035156,466501
2025-09-17,EL.PA,272.5,275.70001220703125,270.20001220703125,270.20001220703125,270.20001220703125,354544
2025-09-18,EL.PA,271.3999938964844,275.8999938964844,270.70001220703125,274.5,274.5,450809
2025-09-19,EL.PA,273.8999938964844,277.79998779296875,273.1000061035156,273.70001220703125,273.70001220703125,1042693
2025-09-22,EL.PA,276.1000061035156,276.1000061035156,273.0,274.8999938964844,274.8999938964844,320294
2025-09-23,EL.PA,274.70001220703125,275.29998779296875,270.5,274.3999938964844,274.3999938964844,322024
2025-09-24,EL.PA,273.20001220703125,273.79998779296875,266.79998779296875,269.5,269.5,435268
2025-09-25,EL.PA,266.79998779296875,268.0,263.5,266.0,266.0,292954
2025-09-26,EL.PA,269.6000061035156,273.6000061035156,269.5,271.70001220703125,271.70001220703125,336710
2025-09-29,EL.PA,273.8999938964844,277.6000061035156,273.1000061035156,274.8999938964844,274.8999938964844,415284
2025-09-30,EL.PA,274.0,277.6000061035156,273.20001220703125,276.0,276.0,355761
2025-10-01,EL.PA,277.70001220703125,278.29998779296875,273.0,276.8999938964844,276.8999938964844,395766
2025-10-02,EL.PA,278.0,281.3999938964844,276.29998779296875,280.20001220703125,280.20001220703125,387727
2025-10-03,EL.PA,283.6000061035156,284.5,279.79998779296875,282.79998779296875,282.79998779296875,485483
2025-10-06,EL.PA,283.1000061035156,283.1000061035156,274.3999938964844,276.1000061035156,276.1000061035156,490850
2025-10-07,EL.PA,274.79998779296875,276.3999938964844,272.6000061035156,276.3999938964844,276.3999938964844,383266
2025-10-08,EL.PA,275.8999938964844,280.3999938964844,275.1499938964844,278.70001220703125,278.70001220703125,388958
2025-10-09,EL.PA,278.8999938964844,279.6000061035156,276.8999938964844,278.0,278.0,359030
2025-10-10,EL.PA,278.6000061035156,280.20001220703125,273.0,273.3999938964844,273.3999938964844,329031
2025-10-13,EL.PA,275.0,276.6000061035156,273.20001220703125,274.6000061035156,274.6000061035156,310343
2025-10-14,EL.PA,271.8999938964844,273.79998779296875,270.29998779296875,272.20001220703125,272.20001220703125,293020
2025-10-15,EL.PA,276.8999938964844,277.20001220703125,268.29998779296875,270.20001220703125,270.20001220703125,425551
2025-10-16,EL.PA,271.3999938964844,277.70001220703125,270.3999938964844,276.6000061035156,276.6000061035156,373659
2025-10-17,EL.PA,304.0,315.20001220703125,299.8999938964844,312.5,312.5,1146703
2025-10-20,EL.PA,311.0,315.6000061035156,309.70001220703125,313.8999938964844,313.8999938964844,443636
2025-10-21,EL.PA,314.0,317.8999938964844,313.29998779296875,316.6000061035156,316.6000061035156,349920
2025-10-22,EL.PA,315.0,315.6000061035156,311.3999938964844,311.3999938964844,311.3999938964844,411290
2025-10-23,EL.PA,311.1000061035156,313.70001220703125,310.3999938964844,312.1000061035156,312.1000061035156,264329
2025-10-24,EL.PA,313.29998779296875,313.5,310.3999938964844,313.3999938964844,313.3999938964844,231188
2025-10-27,EL.PA,312.70001220703125,316.79998779296875,311.8999938964844,316.5,316.5,318833
2025-10-28,EL.PA,317.0,319.29998779296875,315.8999938964844,317.5,317.5,247475
2025-10-29,EL.PA,316.1000061035156,319.70001220703125,315.79998779296875,318.29998779296875,318.29998779296875,292618
2025-10-30,EL.PA,317.70001220703125,319.79998779296875,315.79998779296875,319.5,319.5,248981
2025-10-31,EL.PA,320.0,320.54998779296875,316.79998779296875,317.29998779296875,317.29998779296875,315398
2025-11-03,EL.PA,315.8999938964844,319.0,315.20001220703125,317.0,317.0,249401
2025-11-04,EL.PA,315.0,316.3999938964844,310.5,316.3999938964844,316.3999938964844,296100
2025-11-05,EL.PA,316.8999938964844,318.20001220703125,313.3999938964844,316.29998779296875,316.29998779296875,288898
2025-11-06,EL.PA,314.29998779296875,315.3999938964844,311.20001220703125,312.70001220703125,312.70001220703125,409895
2025-11-07,EL.PA,314.1000061035156,314.29998779296875,307.20001220703125,308.3999938964844,308.3999938964844,437076
2025-11-10,EL.PA,311.29998779296875,313.6000061035156,308.6000061035156,311.79998779296875,311.79998779296875,310136
2025-11-11,EL.PA,313.79998779296875,317.29998779296875,311.6000061035156,315.3999938964844,315.3999938964844,287780
2025-11-12,EL.PA,317.29998779296875,322.6000061035156,316.6000061035156,320.70001220703125,320.70001220703125,401630
2025-11-13,EL.PA,321.6000061035156,323.79998779296875,318.20001220703125,319.8999938964844,319.8999938964844,361576
2025-11-14,EL.PA,317.3999938964844,319.8999938964844,315.3999938964844,318.8999938964844,318.8999938964844,348356
2025-11-17,EL.PA,319.0,320.70001220703125,314.20001220703125,315.6000061035156,315.6000061035156,281910
2025-11-18,EL.PA,314.3999938964844,314.6000061035156,308.3999938964844,311.3999938964844,311.3999938964844,397037
2025-11-19,EL.PA,311.3999938964844,311.5,308.70001220703125,308.70001220703125,308.70001220703125,309011
2025-11-20,EL.PA,312.29998779296875,313.20001220703125,309.1000061035156,311.20001220703125,311.20001220703125,293028
2025-11-21,EL.PA,308.3999938964844,309.6000061035156,304.29998779296875,306.0,306.0,678984
2025-11-24,EL.PA,311.3999938964844,311.5,303.70001220703125,303.70001220703125,303.70001220703125,1380583
2025-11-25,EL.PA,305.3999938964844,308.8999938964844,303.70001220703125,308.70001220703125,308.70001220703125,517945
2025-11-26,EL.PA,310.0,313.3999938964844,308.5,313.1000061035156,313.1000061035156,302306
2025-11-27,EL.PA,314.5,317.0,312.29998779296875,313.1000061035156,313.1000061035156,213138
2025-11-28,EL.PA,309.6000061035156,311.70001220703125,308.1000061035156,308.70001220703125,308.70001220703125,355028
2025-12-01,EL.PA,305.8999938964844,307.79998779296875,301.5,307.0,307.0,429960
2025-12-02,EL.PA,307.5,309.8999938964844,305.8999938964844,307.3999938964844,307.3999938964844,287503
2025-12-03,EL.PA,306.79998779296875,309.20001220703125,305.5,308.79998779296875,308.79998779296875,239453
2025-12-04,EL.PA,308.70001220703125,310.20001220703125,303.20001220703125,303.20001220703125,303.20001220703125,483679
2025-12-05,EL.PA,306.70001220703125,309.0,301.8999938964844,302.6000061035156,302.6000061035156,380353
2025-12-08,EL.PA,300.8999938964844,303.20001220703125,300.29998779296875,303.20001220703125,303.20001220703125,292158
2025-12-09,EL.PA,300.0,301.29998779296875,283.0,286.29998779296875,286.29998779296875,713361
2025-12-10,EL.PA,284.0,287.79998779296875,283.5,285.0,285.0,510026
2025-12-11,EL.PA,285.79998779296875,287.3999938964844,282.8999938964844,284.8999938964844,284.8999938964844,392307
2025-12-12,EL.PA,284.29998779296875,284.6000061035156,281.3999938964844,282.1000061035156,282.1000061035156,379699
2025-12-15,EL.PA,283.20001220703125,286.70001220703125,282.29998779296875,282.5,282.5,563860
2025-12-16,EL.PA,281.5,283.29998779296875,276.1000061035156,278.20001220703125,278.20001220703125,759488
2025-12-17,EL.PA,277.8999938964844,278.3999938964844,271.79998779296875,273.70001220703125,273.70001220703125,592269
2025-12-18,EL.PA,274.3999938964844,279.1000061035156,273.0,276.29998779296875,276.29998779296875,544204
2025-12-19,EL.PA,277.0,277.20001220703125,274.29998779296875,274.79998779296875,274.79998779296875,1170768
2025-12-22,EL.PA,275.0,275.1000061035156,271.1000061035156,272.6000061035156,272.6000061035156,370414
2025-12-23,EL.PA,272.6000061035156,272.6000061035156,268.8999938964844,270.1000061035156,270.1000061035156,316036
2025-12-24,EL.PA,272.29998779296875,274.0,270.1000061035156,270.1000061035156,270.1000061035156,68361
2025-12-29,EL.PA,272.0,272.3999938964844,269.29998779296875,271.20001220703125,271.20001220703125,361186
2025-12-30,EL.PA,269.6000061035156,271.20001220703125,269.0,270.79998779296875,270.79998779296875,343908
2025-12-31,EL.PA,270.3999938964844,270.3999938964844,268.5,269.8999938964844,269.8999938964844,148527
2026-01-02,EL.PA,268.5,270.5,264.3999938964844,265.5,265.5,469014
2026-01-05,EL.PA,267.0,267.20001220703125,262.29998779296875,263.3999938964844,263.3999938964844,479058
2026-01-06,EL.PA,263.6000061035156,278.5,261.70001220703125,277.20001220703125,277.20001220703125,812366
2026-01-07,EL.PA,276.70001220703125,278.70001220703125,272.29998779296875,272.5,272.5,639786
2026-01-08,EL.PA,268.6000061035156,274.29998779296875,265.29998779296875,272.70001220703125,272.70001220703125,557449
2026-01-09,EL.PA,269.29998779296875,279.0,269.29998779296875,277.8999938964844,277.8999938964844,833678
2026-01-12,EL.PA,276.0,276.6000061035156,273.1000061035156,276.0,276.0,428659
2026-01-13,EL.PA,273.29998779296875,281.3999938964844,269.8999938964844,278.0,278.0,743601
2026-01-14,EL.PA,283.70001220703125,286.0,279.29998779296875,279.3999938964844,279.3999938964844,829552
2026-01-15,EL.PA,284.79998779296875,286.1000061035156,279.70001220703125,282.0,282.0,824567
2026-01-16,EL.PA,282.8999938964844,282.8999938964844,269.8999938964844,271.0,271.0,755575
2026-01-19,EL.PA,263.70001220703125,269.29998779296875,262.79998779296875,266.20001220703125,266.20001220703125,475213
2026-01-20,EL.PA,264.29998779296875,267.70001220703125,262.5,267.20001220703125,267.20001220703125,398771
2026-01-21,EL.PA,266.5,269.70001220703125,266.29998779296875,267.79998779296875,267.79998779296875,411560
2026-01-22,EL.PA,270.0,271.1000061035156,264.70001220703125,268.0,268.0,440702
2026-01-23,EL.PA,266.0,268.29998779296875,265.1000061035156,265.1000061035156,265.1000061035156,337123
2026-01-26,EL.PA,260.0,262.5,254.60000610351562,257.29998779296875,257.29998779296875,651656
2026-01-27,EL.PA,257.29998779296875,257.70001220703125,254.5,257.0,257.0,393954
2026-01-28,EL.PA,256.0,257.0,251.89999389648438,253.3000030517578,253.3000030517578,415405
2026-01-29,EL.PA,257.20001220703125,259.5,254.1999969482422,254.60000610351562,254.60000610351562,552472
2026-01-30,EL.PA,254.5,260.70001220703125,254.10000610351562,257.8999938964844,257.8999938964844,607830
2026-02-02,EL.PA,259.3999938964844,260.3999938964844,256.3999938964844,256.70001220703125,256.70001220703125,379576
2026-02-03,EL.PA,257.79998779296875,259.29998779296875,254.39999389648438,255.89999389648438,255.89999389648438,347219
2026-02-04,EL.PA,256.1000061035156,261.3999938964844,255.1999969482422,260.6000061035156,260.6000061035156,434687
2026-02-05,EL.PA,261.1000061035156,262.79998779296875,256.70001220703125,258.6000061035156,258.6000061035156,411681
2026-02-06,EL.PA,256.70001220703125,257.5,253.10000610351562,255.10000610351562,255.10000610351562,449515
2026-02-09,EL.PA,255.0,256.79998779296875,252.1999969482422,254.8000030517578,254.8000030517578,460638
2026-02-10,EL.PA,255.8000030517578,256.70001220703125,250.5,250.5,250.5,696521
2026-02-11,EL.PA,250.5,253.6999969482422,248.10000610351562,250.8000030517578,250.8000030517578,655047
2026-02-12,EL.PA,276.0,276.0,254.39999389648438,261.29998779296875,261.29998779296875,1363381
2026-02-13,EL.PA,263.0,264.79998779296875,255.8000030517578,258.29998779296875,258.29998779296875,853962
2026-02-16,EL.PA,257.20001220703125,258.0,245.6999969482422,245.6999969482422,245.6999969482422,753832
2026-02-17,EL.PA,248.5,251.10000610351562,242.89999389648438,243.10000610351562,243.10000610351562,687369
2026-02-18,EL.PA,237.5,238.89999389648438,232.0,236.10000610351562,236.10000610351562,1194543
2026-02-19,EL.PA,236.0,240.6999969482422,231.6999969482422,233.0,233.0,1022841
2026-02-20,EL.PA,233.60000610351562,239.5,231.5,238.1999969482422,238.1999969482422,1040773
2026-02-23,EL.PA,236.89999389648438,240.60000610351562,235.39999389648438,236.0,236.0,516165
2026-02-24,EL.PA,234.0,234.89999389648438,231.60000610351562,234.5,234.5,709516
2026-02-25,EL.PA,234.8000030517578,237.1999969482422,233.5,237.10000610351562,237.10000610351562,533309
2026-02-26,EL.PA,237.0,239.3000030517578,234.3000030517578,239.3000030517578,239.3000030517578,543499
2026-02-27,EL.PA,237.3000030517578,238.5500030517578,225.1999969482422,225.1999969482422,225.1999969482422,2313408
2026-03-02,EL.PA,213.0,222.8000030517578,208.0,219.3000030517578,219.3000030517578,1227200
2026-03-03,EL.PA,217.60000610351562,220.3000030517578,214.39999389648438,214.39999389648438,214.39999389648438,1061230
2026-03-04,EL.PA,216.89999389648438,222.10000610351562,214.8000030517578,219.3000030517578,219.3000030517578,970112
2026-03-05,EL.PA,218.10000610351562,219.10000610351562,214.8000030517578,215.89999389648438,215.89999389648438,646178
2026-03-06,EL.PA,216.39999389648438,218.0,208.5,212.8000030517578,212.8000030517578,684284
2026-03-09,EL.PA,209.1999969482422,210.1999969482422,205.1999969482422,208.3000030517578,208.3000030517578,694668
